filename,mos_score
p361_217.wav,3.9021480083465576
s5_166.wav,4.144583225250244
p360_191.wav,3.4753732681274414
p374_215.wav,4.073748588562012
p363_043.wav,4.008598327636719
s5_189.wav,4.141373634338379
p363_031.wav,3.948272705078125
p376_177.wav,3.926894426345825
p361_354.wav,3.9260644912719727
p362_114.wav,4.099212169647217
p361_273.wav,4.0946149826049805
p361_195.wav,3.726902961730957
p376_340.wav,3.994952440261841
p376_022.wav,4.087557792663574
p363_014.wav,3.7995734214782715
s5_242.wav,4.211792945861816
p360_096.wav,3.793640613555908
p376_299.wav,4.126768589019775
p360_104.wav,3.8319966793060303
p361_130.wav,4.273195743560791
p363_406.wav,3.830852508544922
p360_144.wav,3.681401014328003
p376_355.wav,3.8276314735412598
p360_150.wav,3.8787238597869873
p376_388.wav,3.782945394515991
s5_125.wav,3.6337122917175293
p361_138.wav,3.998561382293701
s5_212.wav,3.8962154388427734
p363_062.wav,3.853311538696289
p364_308.wav,3.801419258117676
p361_374.wav,4.041072845458984
s5_231.wav,3.8442301750183105
s5_124.wav,4.259102821350098
p374_064.wav,3.8277080059051514
p360_413.wav,3.9217910766601562
p364_044.wav,3.472973346710205
p364_303.wav,3.8429980278015137
p363_236.wav,3.7309443950653076
p360_070.wav,4.124295234680176
p363_079.wav,3.668724536895752
p360_382.wav,3.9150853157043457
p374_323.wav,3.6756577491760254
p374_419.wav,3.425930976867676
p376_255.wav,3.860971212387085
s5_116.wav,4.190357685089111
p376_283.wav,3.781703472137451
p374_141.wav,4.002847194671631
p363_311.wav,4.003445148468018
p364_302.wav,3.708385944366455
p361_291.wav,3.7701799869537354
p374_248.wav,3.870651960372925
p376_202.wav,4.002102375030518
p364_243.wav,3.6562609672546387
p360_376.wav,3.769395351409912
p361_186.wav,3.8271613121032715
p374_073.wav,3.938448429107666
p364_012.wav,3.735523223876953
p360_153.wav,4.088796138763428
p362_178.wav,3.9254050254821777
p360_318.wav,3.659705400466919
p363_167.wav,3.8626041412353516
p360_111.wav,3.7933061122894287
p360_380.wav,4.160618305206299
p376_382.wav,4.1329545974731445
p374_161.wav,3.038475513458252
p376_306.wav,4.209425926208496
p364_252.wav,3.599580764770508
p374_325.wav,3.905367136001587
s5_158.wav,4.1837921142578125
p360_100.wav,3.9273314476013184
p360_390.wav,3.907456874847412
p363_346.wav,3.729937791824341
s5_313.wav,3.9930922985076904
p360_362.wav,3.8606622219085693
p376_262.wav,3.850555419921875
p362_321.wav,3.8290653228759766
p376_398.wav,3.975165367126465
p363_065.wav,3.961085319519043
p361_234.wav,4.225039482116699
p364_075.wav,3.847231388092041
s5_131.wav,4.099396705627441
p374_260.wav,3.3853743076324463
p376_313.wav,4.024164199829102
p363_366.wav,3.855318307876587
p363_186.wav,3.6862339973449707
p374_220.wav,4.170722007751465
p361_256.wav,4.195865154266357
p360_193.wav,3.9587979316711426
p361_122.wav,3.8836398124694824
p361_045.wav,4.301421165466309
p360_058.wav,4.0433268547058105
p376_423.wav,3.9487836360931396
p363_405.wav,3.733017921447754
p364_084.wav,3.72920823097229
p376_229.wav,3.7779083251953125
p374_002.wav,3.700331926345825
p363_055.wav,3.9574203491210938
s5_290.wav,4.310013294219971
p374_284.wav,3.253237009048462
p360_232.wav,3.9724462032318115
s5_056.wav,4.2061309814453125
p360_317.wav,4.011595726013184
p374_122.wav,3.7873215675354004
p374_400.wav,4.051698684692383
p362_016.wav,3.338750123977661
s5_150.wav,4.25627326965332
s5_345.wav,4.246620178222656
s5_250.wav,3.9939332008361816
p363_154.wav,4.100566864013672
p360_106.wav,3.9663007259368896
p363_243.wav,3.7656667232513428
p361_145.wav,4.2617974281311035
p376_113.wav,4.114055156707764
p361_311.wav,4.233871936798096
p361_360.wav,4.101949691772461
p374_107.wav,3.5790152549743652
p361_061.wav,4.273786544799805
p362_194.wav,3.4424033164978027
p374_139.wav,3.7749650478363037
s5_322.wav,4.191162109375
p363_074.wav,4.064994812011719
s5_024.wav,4.048989772796631
s5_139.wav,3.9704511165618896
p362_070.wav,4.043942928314209
p364_005.wav,3.7110133171081543
p376_266.wav,3.9818127155303955
p376_136.wav,4.1399736404418945
p360_038.wav,4.107026100158691
p361_269.wav,4.239655494689941
p361_284.wav,4.142138481140137
p360_113.wav,4.015255928039551
p361_053.wav,3.8432841300964355
p376_101.wav,3.974050760269165
p374_230.wav,4.137182235717773
p374_217.wav,3.9027814865112305
p362_271.wav,3.8497049808502197
p376_270.wav,4.019222736358643
p361_118.wav,3.6694958209991455
p363_159.wav,3.644571304321289
p362_338.wav,3.631057024002075
p363_058.wav,3.7725212574005127
p374_249.wav,3.1875486373901367
s5_192.wav,3.4252123832702637
p364_124.wav,4.014220237731934
s5_207.wav,3.932807683944702
p364_185.wav,3.94895339012146
p374_103.wav,3.551400661468506
s5_074.wav,4.194801330566406
p360_126.wav,3.811202049255371
p363_001.wav,4.01198148727417
p363_108.wav,4.138059616088867
p361_400.wav,4.3027496337890625
p360_299.wav,4.174289226531982
p361_089.wav,3.8354878425598145
p361_407.wav,4.107175827026367
s5_343.wav,3.9784064292907715
p374_313.wav,3.692823886871338
p363_228.wav,3.8565471172332764
p361_039.wav,4.078760623931885
p364_055.wav,4.024373531341553
p360_134.wav,3.7184956073760986
p361_347.wav,3.8379218578338623
s5_078.wav,3.985156297683716
s5_371.wav,4.0049543380737305
p363_288.wav,4.010045051574707
p376_031.wav,4.081304550170898
p376_176.wav,3.675548553466797
p363_330.wav,4.025537490844727
p361_063.wav,3.9290883541107178
p364_304.wav,3.717111587524414
p376_153.wav,3.828871965408325
p361_289.wav,4.28224515914917
p374_040.wav,3.337261199951172
p360_351.wav,3.8835902214050293
p376_257.wav,4.065727233886719
p361_173.wav,3.6770589351654053
p360_370.wav,4.01772403717041
p361_047.wav,4.055627822875977
s5_072.wav,4.270354747772217
p361_315.wav,3.885892868041992
p360_422.wav,3.7676100730895996
s5_162.wav,4.302087306976318
p374_361.wav,3.465312957763672
p376_106.wav,4.157753944396973
p364_021.wav,3.654979944229126
p360_205.wav,4.009123802185059
p374_129.wav,3.509315252304077
p363_343.wav,3.9573206901550293
p363_384.wav,4.232550144195557
p361_144.wav,4.218459129333496
p361_120.wav,3.8953309059143066
p363_353.wav,3.6884334087371826
p361_114.wav,4.097659111022949
p374_233.wav,3.596158027648926
s5_378.wav,4.0471601486206055
p376_268.wav,4.092325687408447
p376_404.wav,3.918152093887329
s5_130.wav,4.142223834991455
p363_281.wav,3.7612147331237793
s5_308.wav,3.7945642471313477
p361_266.wav,4.176163196563721
p361_251.wav,4.149728775024414
p374_163.wav,3.776993751525879
p363_158.wav,3.755490779876709
p364_214.wav,4.059919357299805
p374_364.wav,4.108216762542725
s5_196.wav,4.14236307144165
p361_137.wav,4.17523193359375
p376_223.wav,3.8327996730804443
p362_356.wav,4.179409980773926
p361_308.wav,3.7423818111419678
s5_244.wav,4.171558856964111
s5_311.wav,3.8464488983154297
s5_252.wav,4.152611255645752
p362_122.wav,3.884087085723877
p360_290.wav,4.040412425994873
p363_286.wav,4.169329643249512
p364_172.wav,3.908071517944336
s5_121.wav,3.80521297454834
p360_344.wav,3.786168098449707
p360_186.wav,4.037388801574707
p364_193.wav,4.101381778717041
p360_237.wav,3.8094005584716797
p374_404.wav,3.275075674057007
p374_303.wav,3.5958569049835205
p376_341.wav,4.037411212921143
p376_003.wav,3.5244150161743164
s5_036.wav,3.7301061153411865
p360_206.wav,3.8878440856933594
s5_285.wav,4.103333473205566
s5_032.wav,4.262886047363281
p376_344.wav,3.882617235183716
p360_295.wav,3.9664628505706787
p362_037.wav,4.0575432777404785
p360_158.wav,4.095394134521484
p364_306.wav,3.7293286323547363
s5_071.wav,3.9531071186065674
p376_241.wav,3.9976656436920166
p362_222.wav,2.9790892601013184
p361_203.wav,4.091342926025391
p363_016.wav,3.8507754802703857
p361_140.wav,4.196722507476807
s5_230.wav,4.079829692840576
p362_097.wav,3.445584774017334
s5_006.wav,4.051308631896973
p360_338.wav,3.5861496925354004
p360_087.wav,3.7053399085998535
p364_226.wav,3.5403518676757812
p363_183.wav,3.9937376976013184
p376_213.wav,3.8520357608795166
s5_001.wav,3.8986005783081055
p363_210.wav,3.992321014404297
p376_197.wav,4.0774922370910645
p374_054.wav,3.9612414836883545
p360_421.wav,3.660451650619507
p360_233.wav,4.073080062866211
s5_173.wav,4.12647008895874
p374_253.wav,4.10819673538208
p376_044.wav,3.3939743041992188
p364_002.wav,3.8756484985351562
p363_246.wav,4.177995681762695
p376_281.wav,3.776273012161255
p362_308.wav,4.152584075927734
p374_133.wav,3.762427806854248
p361_410.wav,4.2492852210998535
p363_141.wav,3.673919677734375
p361_348.wav,3.8344669342041016
p374_247.wav,4.015720367431641
p376_077.wav,4.215836524963379
p376_133.wav,4.281291484832764
p374_191.wav,3.917076826095581
p361_397.wav,4.2714033126831055
p374_229.wav,3.632413387298584
p360_169.wav,4.028185844421387
p363_385.wav,3.9302570819854736
s5_200.wav,3.981600284576416
p374_048.wav,3.7514150142669678
p361_176.wav,3.889531135559082
s5_019.wav,3.9931983947753906
s5_211.wav,4.111649036407471
p374_312.wav,2.9289968013763428
s5_119.wav,4.037039756774902
p364_014.wav,3.8643288612365723
p363_189.wav,4.064260959625244
p376_345.wav,4.0920562744140625
p374_010.wav,3.989530563354492
p364_039.wav,3.8198118209838867
p364_267.wav,4.138868808746338
p361_107.wav,4.334957122802734
p374_020.wav,3.675424575805664
p362_322.wav,3.2907910346984863
p360_181.wav,3.9605722427368164
p374_078.wav,4.219212532043457
p364_068.wav,3.767789363861084
p374_240.wav,3.534745454788208
p374_353.wav,3.5049960613250732
p376_415.wav,3.9454987049102783
p376_171.wav,3.9933290481567383
p362_134.wav,4.128000259399414
p361_267.wav,4.1674909591674805
p360_018.wav,3.918565273284912
p362_248.wav,4.23435115814209
p361_113.wav,4.182136535644531
p374_001.wav,3.4353859424591064
p363_324.wav,3.491943359375
s5_255.wav,4.057560443878174
p361_247.wav,4.228292465209961
p362_003.wav,3.946263551712036
p361_287.wav,4.17866325378418
p374_264.wav,3.332681655883789
p361_368.wav,4.089188098907471
p362_119.wav,3.9401285648345947
p363_375.wav,3.7586917877197266
p363_378.wav,4.010650634765625
p376_128.wav,4.184018135070801
p374_136.wav,3.7529497146606445
p363_250.wav,3.221172332763672
p361_174.wav,4.111348628997803
p363_082.wav,3.423405647277832
p360_048.wav,4.025322437286377
p361_404.wav,4.1847686767578125
p361_028.wav,4.366023063659668
p374_178.wav,3.7840120792388916
p363_379.wav,3.823730945587158
s5_381.wav,4.1903791427612305
p374_121.wav,3.6168792247772217
p376_317.wav,3.923581600189209
p360_014.wav,3.9863228797912598
s5_127.wav,4.2123823165893555
p364_108.wav,3.891720771789551
p374_210.wav,3.668210744857788
p360_333.wav,3.9072999954223633
p362_392.wav,3.9681904315948486
s5_248.wav,4.128572463989258
p374_392.wav,3.733860492706299
p364_173.wav,3.6421866416931152
p360_329.wav,3.983729362487793
p374_266.wav,3.7538177967071533
p363_297.wav,4.128687858581543
p361_316.wav,3.8033556938171387
p360_171.wav,3.863358497619629
p362_225.wav,3.847843885421753
s5_062.wav,4.066168785095215
p364_265.wav,4.036559581756592
p363_336.wav,4.052203178405762
p363_354.wav,3.681025981903076
s5_156.wav,4.189342498779297
p376_016.wav,3.81270694732666
p376_396.wav,3.7630462646484375
p374_086.wav,3.6575610637664795
p376_070.wav,3.983355760574341
p376_092.wav,4.135851860046387
p376_135.wav,3.8669838905334473
p361_240.wav,4.2334885597229
s5_358.wav,4.050381660461426
s5_396.wav,3.55678129196167
p363_002.wav,4.082064151763916
p360_074.wav,4.109817028045654
p376_009.wav,4.213316917419434
p361_052.wav,3.914461612701416
p361_010.wav,3.169257164001465
p376_315.wav,4.035674095153809
p361_205.wav,4.301807880401611
p376_263.wav,3.8909056186676025
p363_348.wav,3.829193115234375
p364_063.wav,3.668764114379883
p361_035.wav,3.9733948707580566
p376_158.wav,3.9665801525115967
p363_399.wav,3.688786029815674
p374_059.wav,3.6251919269561768
p360_249.wav,3.9829587936401367
p361_371.wav,3.870997190475464
p376_098.wav,3.823307991027832
p364_067.wav,3.861231803894043
s5_030.wav,3.7059011459350586
p376_058.wav,3.993521213531494
p374_336.wav,3.852670669555664
p374_252.wav,3.5098438262939453
p374_251.wav,3.7147324085235596
p361_040.wav,4.373634338378906
s5_185.wav,3.7973504066467285
p361_293.wav,3.834214210510254
s5_332.wav,4.016372203826904
p362_099.wav,3.8839941024780273
p362_380.wav,4.3244218826293945
p363_100.wav,3.8945260047912598
p364_230.wav,3.806720018386841
p360_356.wav,3.7049448490142822
p362_188.wav,3.792290210723877
s5_243.wav,4.194570064544678
p374_363.wav,3.8168444633483887
p363_360.wav,3.7392821311950684
p374_070.wav,3.970142364501953
p374_135.wav,3.7908313274383545
p374_170.wav,3.4310836791992188
s5_335.wav,3.692054033279419
p363_314.wav,3.429964065551758
p374_375.wav,3.8978776931762695
s5_075.wav,4.299217700958252
p361_178.wav,4.047027587890625
p361_222.wav,4.060686111450195
p363_133.wav,4.191989898681641
s5_049.wav,3.6639928817749023
s5_301.wav,4.181691646575928
p364_036.wav,3.481483221054077
p361_215.wav,4.033391952514648
p362_323.wav,4.044595718383789
p362_075.wav,3.785390853881836
p363_269.wav,3.9806909561157227
p363_163.wav,3.96921443939209
p361_093.wav,4.1129150390625
p374_190.wav,3.669218063354492
p374_367.wav,3.956693172454834
p374_148.wav,3.9083073139190674
p361_001.wav,4.291022777557373
p374_165.wav,3.4677042961120605
p374_072.wav,3.4433979988098145
p361_383.wav,4.190498352050781
p364_221.wav,4.0295329093933105
p376_393.wav,4.015227317810059
s5_067.wav,4.177033424377441
p363_225.wav,3.7832634449005127
p363_033.wav,4.193115711212158
s5_016.wav,3.8355085849761963
p361_285.wav,3.4688358306884766
s5_328.wav,4.100647449493408
p361_392.wav,3.7839770317077637
p361_250.wav,4.1208720207214355
p376_163.wav,3.8369460105895996
p363_259.wav,4.0411481857299805
p363_334.wav,3.9425506591796875
p361_142.wav,4.053952693939209
p361_080.wav,4.1704607009887695
p361_050.wav,4.172024726867676
p364_299.wav,3.4804320335388184
p361_302.wav,3.5924835205078125
p374_238.wav,3.999880075454712
p362_069.wav,4.0395073890686035
p364_132.wav,3.6929264068603516
p362_110.wav,4.153589725494385
p376_324.wav,3.8368849754333496
p364_268.wav,3.711543321609497
p376_186.wav,3.8827619552612305
p363_092.wav,3.997649669647217
p376_267.wav,3.8932876586914062
p364_046.wav,3.3895530700683594
p360_398.wav,3.9645907878875732
p376_142.wav,4.044863700866699
p363_201.wav,3.578826427459717
p376_305.wav,4.231931686401367
s5_374.wav,4.0475287437438965
p362_011.wav,4.043054580688477
s5_235.wav,4.153931617736816
s5_221.wav,3.835078477859497
p376_289.wav,3.541642189025879
p363_153.wav,3.9288785457611084
s5_372.wav,3.831878900527954
p374_315.wav,3.4318442344665527
p360_137.wav,3.973407030105591
s5_307.wav,3.5596017837524414
p361_411.wav,3.8200180530548096
p360_196.wav,3.837153196334839
s5_325.wav,3.7724781036376953
p364_219.wav,3.4547643661499023
p374_422.wav,3.9013876914978027
p364_040.wav,3.4749577045440674
p360_064.wav,4.045749664306641
p376_369.wav,4.049502372741699
p376_067.wav,3.8951869010925293
p363_146.wav,3.1586055755615234
p376_109.wav,4.22449254989624
p364_057.wav,3.8854901790618896
p374_151.wav,3.885786771774292
p363_114.wav,3.252572774887085
p360_226.wav,3.8806095123291016
p376_405.wav,3.9329254627227783
p376_407.wav,3.9388954639434814
p374_250.wav,3.8248562812805176
p360_288.wav,4.096564292907715
p360_092.wav,3.664527416229248
p363_214.wav,3.985380172729492
p363_412.wav,3.9089694023132324
p361_164.wav,3.980100154876709
p376_085.wav,4.158032417297363
s5_379.wav,4.165142059326172
p376_189.wav,4.131587028503418
p361_036.wav,3.87821102142334
p374_195.wav,3.4797616004943848
p360_097.wav,4.024280071258545
p374_282.wav,3.615220546722412
p361_029.wav,4.134824275970459
s5_337.wav,4.232055187225342
p374_114.wav,3.7243666648864746
p363_359.wav,3.3843750953674316
p360_166.wav,3.9024224281311035
p374_235.wav,3.9665465354919434
p363_132.wav,3.5826416015625
p376_253.wav,4.274048328399658
p362_197.wav,4.295574188232422
p363_212.wav,3.968398094177246
s5_087.wav,4.039070129394531
p361_192.wav,3.9110360145568848
p361_025.wav,4.1199212074279785
p376_159.wav,3.874840497970581
s5_305.wav,4.094606876373291
p363_230.wav,3.780182361602783
p361_252.wav,4.255351543426514
p376_036.wav,4.336853981018066
p376_083.wav,3.950045585632324
p364_301.wav,3.413621425628662
p361_325.wav,3.8964335918426514
s5_149.wav,4.199894428253174
p364_272.wav,3.5682287216186523
p360_345.wav,3.858487606048584
p376_280.wav,3.7520198822021484
p363_362.wav,3.8935999870300293
p364_128.wav,4.047973155975342
p363_253.wav,3.537665843963623
p364_202.wav,3.816342830657959
p376_155.wav,3.838315725326538
p376_402.wav,3.9261856079101562
p363_339.wav,3.688124656677246
p376_102.wav,4.1165361404418945
p363_170.wav,3.537714958190918
p363_238.wav,3.8200154304504395
p364_104.wav,3.3736157417297363
p374_126.wav,3.8255856037139893
p361_376.wav,4.2089948654174805
p364_200.wav,3.8954293727874756
p376_273.wav,3.8148605823516846
p374_273.wav,3.6390678882598877
s5_363.wav,4.177404403686523
p374_149.wav,3.731396436691284
p374_204.wav,3.6507034301757812
p361_166.wav,4.020503044128418
p360_204.wav,4.198031425476074
p361_075.wav,4.246114730834961
p374_275.wav,3.455498695373535
p364_066.wav,4.009629726409912
p360_005.wav,3.878264904022217
p376_271.wav,3.879270076751709
s5_287.wav,3.908547878265381
p364_278.wav,3.884368419647217
p361_274.wav,3.9397518634796143
s5_274.wav,4.242342948913574
p363_111.wav,4.141307830810547
p374_053.wav,3.901855230331421
p361_390.wav,3.943049669265747
p364_189.wav,3.204230546951294
p361_051.wav,4.138266563415527
p374_268.wav,3.490152597427368
p361_333.wav,3.810065746307373
s5_061.wav,4.2763166427612305
p376_144.wav,4.170598030090332
p374_338.wav,3.957148790359497
p376_146.wav,4.030707359313965
p360_259.wav,4.088449954986572
p361_346.wav,3.697655439376831
p360_252.wav,4.009366989135742
p360_363.wav,3.8733129501342773
p361_110.wav,4.294126987457275
p360_057.wav,4.132386684417725
p360_230.wav,4.04625940322876
p360_302.wav,3.9667751789093018
p363_176.wav,3.9562625885009766
p361_021.wav,4.063772201538086
p364_026.wav,3.576409101486206
s5_198.wav,4.10908317565918
p374_206.wav,3.521897077560425
s5_038.wav,4.046110153198242
p363_421.wav,4.112455368041992
p374_372.wav,3.470013380050659
p361_263.wav,4.260570526123047
s5_309.wav,3.9641876220703125
p376_264.wav,4.038677215576172
p364_232.wav,3.5020334720611572
p361_189.wav,3.738163948059082
p360_022.wav,3.648430585861206
p363_410.wav,3.8616929054260254
p364_154.wav,3.9424614906311035
p374_287.wav,4.051474571228027
p374_120.wav,3.6047658920288086
p363_320.wav,4.084099292755127
p363_251.wav,3.640597343444824
p360_292.wav,3.736738681793213
p364_023.wav,3.5161235332489014
p362_340.wav,3.3160548210144043
s5_318.wav,3.939652919769287
p376_215.wav,4.039074897766113
p376_334.wav,4.054537296295166
p361_057.wav,3.9699196815490723
p360_281.wav,4.065562725067139
p361_199.wav,3.7539162635803223
p361_225.wav,4.103969573974609
p376_333.wav,4.06825590133667
s5_133.wav,3.902855157852173
p361_194.wav,3.803980827331543
p376_069.wav,3.926112174987793
p363_027.wav,3.9603428840637207
p376_409.wav,3.902492046356201
p360_234.wav,3.693869113922119
p376_206.wav,3.620901107788086
p360_247.wav,3.5704548358917236
p363_013.wav,4.032482147216797
p361_131.wav,3.9827749729156494
p363_066.wav,3.151074171066284
p360_342.wav,3.809446334838867
p361_116.wav,4.300821781158447
p376_318.wav,4.104881286621094
p360_358.wav,3.8263938426971436
p374_041.wav,3.6840462684631348
p363_217.wav,3.904477119445801
p376_390.wav,3.5636143684387207
p361_326.wav,3.9499597549438477
p361_179.wav,4.095772743225098
p374_175.wav,3.9402670860290527
p360_154.wav,3.844069719314575
s5_213.wav,4.112359046936035
p360_187.wav,3.9331984519958496
p360_145.wav,4.100661277770996
p363_321.wav,3.479402780532837
p374_304.wav,3.3148622512817383
p360_105.wav,4.029123783111572
p363_110.wav,3.5811574459075928
s5_086.wav,3.969799518585205
p360_063.wav,3.7682437896728516
p361_381.wav,3.517897605895996
p362_172.wav,3.644836902618408
p363_390.wav,3.727400064468384
p360_151.wav,3.9709970951080322
p361_206.wav,3.8430874347686768
p363_025.wav,3.880300283432007
p374_337.wav,3.496955156326294
p364_162.wav,3.460847854614258
p361_109.wav,3.967191696166992
p374_081.wav,4.024453163146973
s5_141.wav,4.171779155731201
s5_344.wav,3.778127670288086
p364_289.wav,3.9220619201660156
p364_010.wav,3.58693265914917
p360_045.wav,3.9065704345703125
p361_419.wav,3.865743637084961
p364_035.wav,3.784585952758789
p363_255.wav,4.074045181274414
p360_052.wav,3.8040568828582764
p361_100.wav,4.16751766204834
p374_335.wav,3.8897483348846436
p363_318.wav,3.63922119140625
p374_080.wav,3.6440820693969727
p374_147.wav,3.9571259021759033
s5_263.wav,4.149204730987549
p363_388.wav,3.2801966667175293
p363_273.wav,3.7448501586914062
p376_384.wav,3.734151840209961
p361_372.wav,3.9930429458618164
s5_224.wav,3.197463035583496
p374_108.wav,3.63590669631958
p363_106.wav,3.954965591430664
p361_366.wav,4.107997417449951
s5_163.wav,4.059815883636475
p363_280.wav,4.0858917236328125
p374_137.wav,3.780179738998413
p363_137.wav,4.02638578414917
p363_193.wav,3.715526580810547
s5_137.wav,4.096602439880371
s5_018.wav,3.7712855339050293
p374_406.wav,3.873058557510376
s5_025.wav,4.1173415184021
p361_121.wav,3.421273708343506
p374_242.wav,3.7261462211608887
p360_034.wav,3.9011924266815186
p374_052.wav,3.8130338191986084
p376_072.wav,3.7816333770751953
p364_119.wav,3.883087158203125
p374_192.wav,3.954040050506592
p364_282.wav,3.947166919708252
p374_043.wav,3.6877920627593994
p364_228.wav,3.8344438076019287
p361_069.wav,4.181481838226318
p360_267.wav,4.081243515014648
s5_147.wav,4.259006977081299
p376_071.wav,4.083645820617676
p361_322.wav,4.200949192047119
p364_029.wav,3.9226670265197754
p360_197.wav,4.115005016326904
p376_420.wav,3.4815125465393066
p364_291.wav,3.3111512660980225
s5_022.wav,4.117225170135498
p374_056.wav,4.064163684844971
s5_026.wav,4.055643081665039
p376_064.wav,3.8964757919311523
p374_330.wav,3.6834359169006348
p362_039.wav,3.9838061332702637
p364_194.wav,3.7383902072906494
s5_146.wav,4.211085796356201
p360_320.wav,3.6832756996154785
p376_049.wav,3.675952911376953
s5_159.wav,3.812265634536743
p376_295.wav,4.233150482177734
p360_386.wav,4.018667221069336
p364_183.wav,3.6059300899505615
p376_278.wav,3.4124510288238525
p360_405.wav,4.044215679168701
p360_408.wav,3.5727529525756836
p360_108.wav,3.99423885345459
p361_099.wav,4.32706880569458
p360_418.wav,3.718874454498291
p360_168.wav,4.087621212005615
p374_008.wav,3.6943461894989014
p374_181.wav,3.7623631954193115
p362_128.wav,4.092950344085693
p360_040.wav,3.8763694763183594
p360_225.wav,3.8447630405426025
p374_199.wav,4.132765769958496
p361_062.wav,4.2542266845703125
p374_050.wav,3.94140362739563
s5_077.wav,3.9949283599853516
p361_213.wav,3.944014549255371
p364_294.wav,3.4093265533447266
p364_094.wav,3.9185822010040283
p364_170.wav,3.526834011077881
p363_113.wav,3.976315498352051
p376_342.wav,3.809865951538086
p362_137.wav,3.7764930725097656
p376_233.wav,3.8848109245300293
p361_388.wav,3.3461172580718994
p374_062.wav,3.47395658493042
p374_214.wav,3.3522753715515137
p364_144.wav,4.082983493804932
s5_068.wav,4.084000587463379
p376_395.wav,3.847905158996582
p376_173.wav,4.1537322998046875
p362_154.wav,4.323980331420898
p364_227.wav,3.7147252559661865
p361_020.wav,3.542959213256836
p363_329.wav,3.4144248962402344
p361_244.wav,3.8245303630828857
p361_124.wav,3.6735758781433105
p364_059.wav,3.8500053882598877
s5_236.wav,3.8573427200317383
s5_079.wav,4.123196601867676
p362_399.wav,4.173376560211182
p360_121.wav,3.90204119682312
p361_200.wav,3.5889339447021484
p361_341.wav,3.946319818496704
p362_345.wav,4.156641960144043
s5_054.wav,3.9174129962921143
p360_276.wav,4.068077087402344
p363_046.wav,3.439805030822754
p360_396.wav,3.631277084350586
p363_190.wav,3.57655668258667
s5_202.wav,3.7949047088623047
p374_326.wav,3.4215404987335205
s5_023.wav,4.291832447052002
s5_110.wav,3.922977924346924
p360_222.wav,4.043118476867676
p360_012.wav,4.088119983673096
p363_032.wav,3.677598237991333
p374_245.wav,3.9151785373687744
p376_242.wav,4.307400703430176
p376_225.wav,3.773514747619629
p364_151.wav,3.768460988998413
p376_002.wav,3.7909250259399414
p376_312.wav,4.159404754638672
p376_296.wav,3.9847819805145264
p374_355.wav,3.885601043701172
p376_379.wav,4.03591775894165
p374_123.wav,3.386366844177246
p360_203.wav,4.042858123779297
p374_153.wav,3.590550422668457
p363_304.wav,3.5839014053344727
p364_179.wav,3.6843950748443604
s5_096.wav,3.771599769592285
p362_054.wav,3.8987176418304443
p360_311.wav,3.8983473777770996
p360_383.wav,3.8580141067504883
p360_243.wav,3.9512686729431152
p376_248.wav,3.785379409790039
s5_082.wav,3.936072826385498
p364_103.wav,3.807666778564453
p374_164.wav,3.5070114135742188
p376_380.wav,4.094183921813965
p376_320.wav,3.884451389312744
p363_103.wav,3.9306323528289795
p376_045.wav,3.9069337844848633
p363_231.wav,4.155113697052002
p374_185.wav,4.0059638023376465
p362_106.wav,3.363154172897339
p374_087.wav,3.7878496646881104
p363_368.wav,3.7835073471069336
p363_265.wav,3.9088988304138184
p363_057.wav,4.172236442565918
p376_184.wav,4.038332939147949
p360_255.wav,3.830566883087158
p360_060.wav,3.851362943649292
p374_380.wav,3.770174026489258
p361_033.wav,4.090724468231201
p376_339.wav,3.900024175643921
p374_371.wav,3.7189085483551025
p360_067.wav,4.136970520019531
p363_328.wav,4.097418785095215
p374_118.wav,3.6429808139801025
s5_021.wav,4.237430095672607
p376_123.wav,3.913844585418701
p363_127.wav,4.011723518371582
p361_204.wav,3.5642776489257812
p361_024.wav,3.9180665016174316
p360_213.wav,3.838798761367798
p361_224.wav,4.042028427124023
p376_359.wav,3.8414103984832764
p360_355.wav,3.883711576461792
p376_112.wav,4.109407424926758
p374_201.wav,3.807917833328247
p360_220.wav,3.8832690715789795
p376_309.wav,3.2117066383361816
p360_261.wav,3.7605268955230713
p364_037.wav,3.432598829269409
p376_096.wav,4.133329391479492
p361_328.wav,4.009339809417725
p361_155.wav,4.223954200744629
p360_042.wav,4.026169300079346
p363_240.wav,3.5977673530578613
p376_062.wav,4.231550216674805
p361_125.wav,3.408595561981201
p363_223.wav,3.528371572494507
p374_288.wav,4.046928882598877
p360_373.wav,3.2678427696228027
p361_038.wav,4.125104904174805
p360_274.wav,3.781109094619751
p360_118.wav,3.7356760501861572
p360_400.wav,3.937605857849121
p362_364.wav,3.500253677368164
p374_270.wav,3.4446487426757812
p363_203.wav,3.707228422164917
p361_007.wav,4.300697326660156
p374_038.wav,3.8853671550750732
p376_406.wav,4.080142021179199
p364_078.wav,3.8555657863616943
p374_209.wav,3.6767916679382324
p364_165.wav,3.272202968597412
p376_086.wav,3.966381072998047
p360_054.wav,4.117040634155273
p363_264.wav,3.815162181854248
p364_041.wav,3.9673285484313965
s5_259.wav,4.362283229827881
s5_176.wav,4.088441371917725
p374_259.wav,3.491882801055908
s5_136.wav,4.013739109039307
p360_148.wav,3.984043598175049
p363_145.wav,3.6711888313293457
s5_385.wav,4.116245269775391
p374_116.wav,3.7899584770202637
p376_001.wav,3.5913257598876953
p374_398.wav,3.4689722061157227
p363_023.wav,3.982111930847168
s5_004.wav,3.6336662769317627
p361_305.wav,3.5769729614257812
p363_130.wav,3.9841175079345703
p362_286.wav,3.370972156524658
p363_272.wav,3.621965169906616
p364_195.wav,4.049695014953613
p376_129.wav,3.961958169937134
s5_355.wav,4.017948150634766
p360_015.wav,4.084455966949463
p363_229.wav,3.3174805641174316
p361_181.wav,4.079386234283447
p360_341.wav,3.9395852088928223
s5_037.wav,4.012519359588623
p361_146.wav,3.835846185684204
p361_209.wav,4.333040237426758
p364_229.wav,3.586636543273926
p361_344.wav,3.7508013248443604
p363_053.wav,3.570035219192505
p360_157.wav,4.131207466125488
p363_017.wav,4.027141571044922
p363_248.wav,4.026280403137207
p362_107.wav,4.034204006195068
p364_215.wav,3.544250011444092
p363_317.wav,3.9617812633514404
p364_033.wav,3.9151198863983154
p361_373.wav,4.020700931549072
p362_195.wav,4.054450988769531
p363_344.wav,3.3026962280273438
p361_238.wav,3.8767380714416504
p360_365.wav,3.840106248855591
p363_124.wav,3.8686935901641846
p364_175.wav,3.720146656036377
p361_236.wav,4.0567169189453125
p374_319.wav,3.661379814147949
p361_239.wav,3.5492820739746094
p374_358.wav,3.4612507820129395
p360_343.wav,3.784008502960205
p376_232.wav,3.842390537261963
p374_096.wav,3.461118459701538
p360_272.wav,4.049481391906738
p363_039.wav,3.814411163330078
p376_180.wav,3.9744508266448975
p364_297.wav,3.6244447231292725
p376_103.wav,4.022563934326172
p364_205.wav,4.009705066680908
p362_153.wav,4.019697189331055
p360_379.wav,3.899339199066162
p374_399.wav,3.5793442726135254
p361_343.wav,3.5538198947906494
p374_222.wav,3.8109798431396484
s5_353.wav,4.224771976470947
p361_412.wav,4.129467010498047
p363_257.wav,3.8258931636810303
p360_066.wav,3.977658271789551
p376_004.wav,3.821545124053955
p361_134.wav,4.034979820251465
p374_031.wav,3.4432902336120605
p364_169.wav,3.2827954292297363
p360_162.wav,3.9991939067840576
p361_096.wav,3.6847476959228516
p363_284.wav,3.7778196334838867
s5_214.wav,4.110891342163086
p361_022.wav,4.086570739746094
p363_094.wav,3.4102256298065186
p360_315.wav,3.9833173751831055
p374_306.wav,3.358689785003662
p376_063.wav,3.7050418853759766
p361_327.wav,3.930091381072998
p364_135.wav,4.026721954345703
p360_119.wav,3.7532103061676025
s5_015.wav,4.152820110321045
p360_189.wav,4.108582019805908
p360_403.wav,4.041262626647949
s5_115.wav,3.9940178394317627
p363_089.wav,4.082449913024902
p364_133.wav,3.889331102371216
p376_060.wav,3.7784969806671143
p360_223.wav,3.954103469848633
p374_401.wav,3.3092920780181885
p364_020.wav,3.7242820262908936
p374_285.wav,4.009088516235352
p374_332.wav,3.344670057296753
p364_199.wav,3.6838433742523193
p374_067.wav,4.101526260375977
p364_240.wav,3.376349449157715
p361_143.wav,4.295009613037109
p362_028.wav,4.204688549041748
p374_296.wav,3.4963865280151367
p374_124.wav,3.5081121921539307
p376_397.wav,3.845461130142212
p361_403.wav,3.865166187286377
p361_041.wav,4.033010005950928
p374_274.wav,3.3758153915405273
p361_126.wav,4.1251044273376465
p360_246.wav,3.971506357192993
p364_065.wav,4.028320789337158
p361_210.wav,3.9288954734802246
s5_183.wav,4.1525163650512695
s5_375.wav,4.1159443855285645
p374_065.wav,3.8379945755004883
p363_393.wav,3.8847639560699463
p361_148.wav,4.148479461669922
p362_053.wav,4.0920796394348145
p362_176.wav,4.113940715789795
p364_292.wav,3.7923057079315186
p362_397.wav,4.061077117919922
p360_270.wav,4.031848907470703
p363_383.wav,4.064931869506836
p361_081.wav,4.3113532066345215
p361_185.wav,4.089202404022217
p374_033.wav,3.928285837173462
p360_322.wav,3.866489887237549
p360_017.wav,4.134426593780518
p360_296.wav,3.970151424407959
s5_384.wav,4.02126407623291
p376_132.wav,4.008415222167969
p376_174.wav,4.042170524597168
p374_299.wav,4.064922332763672
p374_143.wav,3.8667845726013184
p361_082.wav,4.136394023895264
p360_194.wav,3.855685234069824
p374_005.wav,3.5364036560058594
p360_175.wav,3.993036985397339
p363_222.wav,3.8911733627319336
p374_145.wav,3.7924177646636963
p361_027.wav,4.28183650970459
p360_110.wav,3.9291791915893555
s5_238.wav,4.262605667114258
p360_011.wav,3.887620449066162
p360_306.wav,3.6700708866119385
p374_022.wav,3.53354549407959
p376_104.wav,4.140993118286133
p374_369.wav,3.5752859115600586
p376_250.wav,4.022242546081543
p374_345.wav,3.707500457763672
p362_242.wav,4.224040985107422
p363_418.wav,3.2984209060668945
p374_007.wav,3.8027398586273193
p363_168.wav,4.070919036865234
p361_133.wav,4.204131126403809
p361_276.wav,4.083288192749023
p376_365.wav,3.7307863235473633
s5_229.wav,4.050673484802246
p362_213.wav,3.561857223510742
p361_221.wav,3.90185546875
p361_088.wav,4.090479373931885
p376_358.wav,4.027416706085205
p361_084.wav,4.146867752075195
p360_330.wav,3.543001174926758
p362_019.wav,3.5093111991882324
p360_331.wav,3.7534663677215576
p361_281.wav,4.319826126098633
s5_216.wav,4.136503219604492
p363_407.wav,3.7796268463134766
p361_068.wav,4.057292461395264
p360_163.wav,4.032553672790527
p361_112.wav,3.8366286754608154
p361_356.wav,4.131559371948242
s5_240.wav,4.135044097900391
p361_127.wav,3.7077274322509766
p376_204.wav,3.660567283630371
p360_026.wav,3.9857230186462402
p364_280.wav,3.4965226650238037
p364_201.wav,3.924973726272583
p364_050.wav,3.742739200592041
p360_179.wav,4.062872886657715
p376_061.wav,3.7679619789123535
p374_423.wav,3.7034192085266113
p376_207.wav,3.867227077484131
p376_311.wav,4.003388404846191
p363_271.wav,3.7711069583892822
p361_034.wav,4.249068260192871
p360_039.wav,3.9982380867004395
p376_349.wav,3.806460380554199
p364_105.wav,3.883406639099121
p361_361.wav,4.113979816436768
s5_299.wav,3.9166364669799805
p360_392.wav,3.8423242568969727
p363_037.wav,3.638108730316162
p363_408.wav,3.773059606552124
p376_216.wav,3.721343517303467
s5_066.wav,4.163072109222412
p363_205.wav,3.419705390930176
p374_154.wav,4.03997802734375
p362_063.wav,4.084368705749512
p361_032.wav,4.298979759216309
p361_304.wav,4.069583415985107
s5_399.wav,3.865694284439087
p374_179.wav,3.8120765686035156
p364_051.wav,4.081354141235352
p376_304.wav,3.80375599861145
p360_245.wav,4.079468727111816
p376_290.wav,4.184194564819336
p360_072.wav,3.9897022247314453
p363_420.wav,3.809706211090088
p363_299.wav,4.101569175720215
p364_145.wav,3.5410244464874268
p363_096.wav,3.9192755222320557
p361_319.wav,3.831292152404785
s5_199.wav,4.081846237182617
p360_013.wav,3.933532476425171
p376_419.wav,3.7855300903320312
p374_393.wav,3.7031972408294678
s5_193.wav,4.125043869018555
p374_193.wav,3.9628920555114746
p361_043.wav,4.136689186096191
p374_130.wav,3.471161127090454
p362_158.wav,4.19187068939209
p361_013.wav,3.8828911781311035
p361_339.wav,3.3386223316192627
p360_346.wav,3.893693208694458
p361_153.wav,4.213350296020508
p363_403.wav,4.124295711517334
s5_167.wav,4.158514022827148
p374_384.wav,3.8596396446228027
p363_070.wav,4.111522674560547
p376_182.wav,3.9620108604431152
p363_325.wav,3.4886436462402344
s5_140.wav,3.9503164291381836
p376_030.wav,3.8839759826660156
p361_279.wav,4.344461917877197
p376_240.wav,3.9375178813934326
p363_301.wav,3.668243885040283
p361_338.wav,4.106988906860352
p374_119.wav,3.850489616394043
s5_080.wav,4.34771728515625
p361_170.wav,4.31179141998291
p361_300.wav,4.020471096038818
s5_033.wav,4.0307512283325195
p361_396.wav,4.085256576538086
p374_416.wav,3.2643849849700928
p374_019.wav,3.5895166397094727
p364_028.wav,3.318321704864502
p363_129.wav,3.3225297927856445
p363_258.wav,3.8871054649353027
p361_301.wav,4.143918037414551
p376_068.wav,4.073372840881348
s5_280.wav,3.6748743057250977
p360_269.wav,4.064017295837402
p364_017.wav,3.770933151245117
p361_230.wav,3.7639288902282715
p374_188.wav,3.9152214527130127
p362_175.wav,4.061917304992676
s5_239.wav,4.125987529754639
p376_408.wav,3.791372299194336
p360_115.wav,3.8292407989501953
p361_065.wav,3.813709020614624
p361_257.wav,3.8380703926086426
p360_030.wav,3.8462986946105957
p361_398.wav,4.163263320922852
p360_417.wav,3.8081045150756836
s5_268.wav,3.962825298309326
p360_335.wav,3.9042649269104004
s5_283.wav,4.239419937133789
p361_395.wav,3.9719836711883545
p374_027.wav,3.774411916732788
p362_279.wav,3.58170747756958
p364_210.wav,3.828092575073242
p376_007.wav,3.7297587394714355
p363_061.wav,3.9398715496063232
s5_390.wav,3.6726436614990234
p360_227.wav,3.979689598083496
p362_117.wav,4.23978853225708
s5_258.wav,4.004517078399658
p376_005.wav,3.6562159061431885
p364_283.wav,3.841667413711548
s5_208.wav,4.264206886291504
p363_256.wav,4.177795886993408
p376_124.wav,4.212063312530518
p363_323.wav,3.8982019424438477
s5_135.wav,4.0809478759765625
p362_163.wav,3.9537925720214844
p361_128.wav,3.9682600498199463
p376_303.wav,3.883286952972412
p374_172.wav,3.770469903945923
p360_263.wav,3.786048650741577
s5_090.wav,4.026648998260498
p363_414.wav,3.727097988128662
p374_051.wav,3.9630110263824463
p374_216.wav,3.914714813232422
p364_045.wav,3.6942079067230225
p360_399.wav,4.01582145690918
p360_073.wav,3.969313383102417
s5_012.wav,3.6566591262817383
p360_180.wav,4.073703765869141
p374_068.wav,3.8127505779266357
p363_204.wav,3.52034330368042
p374_176.wav,3.3147072792053223
s5_347.wav,4.059755802154541
p363_291.wav,3.934807777404785
p361_246.wav,4.264038562774658
p360_251.wav,3.9356513023376465
p360_337.wav,3.9634580612182617
p361_197.wav,3.7876315116882324
p360_308.wav,3.9198853969573975
p363_179.wav,3.74556827545166
p364_188.wav,3.970015525817871
p360_256.wav,3.8815760612487793
p374_256.wav,3.5864498615264893
p363_370.wav,3.78719425201416
s5_316.wav,3.6586151123046875
p374_225.wav,3.8842320442199707
p376_191.wav,3.824063777923584
p374_354.wav,3.542092800140381
p362_022.wav,3.581941604614258
p374_202.wav,3.539161443710327
p374_109.wav,3.550081491470337
p374_339.wav,3.7542295455932617
p363_123.wav,3.721648693084717
p363_041.wav,3.644216299057007
p363_148.wav,3.901681423187256
p364_049.wav,3.454012632369995
p374_408.wav,3.2902064323425293
s5_232.wav,4.245201110839844
p360_278.wav,4.119350910186768
p361_090.wav,4.163978576660156
s5_098.wav,4.171867370605469
p374_182.wav,3.6691579818725586
p376_212.wav,4.11454439163208
p360_053.wav,3.8868536949157715
p361_193.wav,3.9178524017333984
p376_080.wav,4.005715370178223
p360_141.wav,3.7402796745300293
p376_361.wav,3.6190972328186035
p360_327.wav,3.865220546722412
p361_165.wav,3.832611083984375
p360_125.wav,3.82806396484375
p376_145.wav,4.069264888763428
p376_164.wav,4.025043487548828
p363_391.wav,4.105323314666748
p361_331.wav,3.9870429039001465
p360_359.wav,4.010212421417236
p363_078.wav,3.9398880004882812
s5_314.wav,3.6952788829803467
p361_019.wav,3.6381211280822754
p376_021.wav,3.953181505203247
s5_047.wav,3.702120542526245
p360_081.wav,3.941981077194214
p363_069.wav,3.7850656509399414
p374_132.wav,3.699190139770508
p374_039.wav,3.7975924015045166
p362_297.wav,4.272493362426758
p376_374.wav,4.111265182495117
s5_120.wav,3.9388527870178223
p374_034.wav,3.6724982261657715
s5_104.wav,4.0610527992248535
p360_419.wav,4.0216755867004395
p362_103.wav,4.1684980392456055
s5_055.wav,4.263298988342285
p376_366.wav,4.0231499671936035
p363_293.wav,3.8228919506073
p363_219.wav,3.845681667327881
p363_165.wav,3.9278745651245117
p361_358.wav,3.440657138824463
p374_197.wav,3.9359514713287354
p361_136.wav,4.028257369995117
p364_197.wav,3.8490467071533203
s5_204.wav,3.987351417541504
s5_020.wav,3.6406729221343994
p364_022.wav,3.558992385864258
s5_084.wav,3.5470504760742188
p364_042.wav,3.709688663482666
p374_157.wav,3.30405855178833
p374_347.wav,4.073323726654053
s5_300.wav,4.2351908683776855
s5_291.wav,3.518077850341797
p361_317.wav,4.0377516746521
p361_108.wav,3.9689202308654785
s5_266.wav,3.8022713661193848
p361_415.wav,4.184141159057617
p374_012.wav,3.883474588394165
p361_187.wav,3.7311935424804688
p374_127.wav,4.044085502624512
p361_012.wav,4.1832990646362305
p361_202.wav,3.921011447906494
s5_106.wav,4.071261405944824
s5_005.wav,4.337790489196777
p360_037.wav,3.9632787704467773
s5_102.wav,4.035802841186523
s5_144.wav,3.6293256282806396
p374_276.wav,3.711906909942627
p376_279.wav,3.8444530963897705
s5_310.wav,4.145204544067383
p362_121.wav,4.124364852905273
p363_307.wav,3.5559263229370117
p364_111.wav,3.8739686012268066
p374_075.wav,3.963367462158203
p362_282.wav,3.902920961380005
p376_209.wav,3.7530770301818848
p374_297.wav,3.072594165802002
p361_350.wav,4.176087379455566
s5_272.wav,3.705839157104492
p362_111.wav,3.5953946113586426
p361_416.wav,4.0485453605651855
s5_097.wav,3.670980930328369
p376_115.wav,3.9170114994049072
p361_248.wav,4.255324363708496
p360_095.wav,3.4255754947662354
p364_250.wav,3.872926712036133
p363_088.wav,3.9233579635620117
s5_286.wav,4.022337913513184
p364_286.wav,3.656597852706909
p376_076.wav,4.272049427032471
p362_417.wav,4.176494121551514
p364_088.wav,3.7530813217163086
s5_293.wav,4.213672637939453
p376_099.wav,4.1266398429870605
p361_313.wav,4.241909980773926
p360_098.wav,3.9652295112609863
p363_242.wav,3.653646945953369
p362_255.wav,4.0338335037231445
p364_047.wav,3.7827885150909424
p364_234.wav,3.5388505458831787
p360_077.wav,3.7599103450775146
s5_129.wav,4.130995750427246
p361_211.wav,4.023841857910156
p374_098.wav,3.7199854850769043
p376_308.wav,4.193828105926514
p364_038.wav,3.558530569076538
s5_069.wav,3.9835610389709473
p364_203.wav,3.78602933883667
p363_261.wav,3.927804708480835
p363_274.wav,3.9483020305633545
p364_092.wav,3.771688938140869
p361_241.wav,4.078299522399902
p363_211.wav,3.8438456058502197
s5_157.wav,4.117067813873291
p361_283.wav,3.9196527004241943
s5_289.wav,3.8758580684661865
p363_241.wav,3.909782648086548
p362_298.wav,3.995478868484497
p360_212.wav,3.9212937355041504
p361_245.wav,4.109065055847168
p376_371.wav,4.085452556610107
p374_272.wav,3.6239686012268066
p362_030.wav,3.9706430435180664
p360_183.wav,3.8437490463256836
p376_348.wav,3.9893720149993896
p363_398.wav,3.5238637924194336
p360_130.wav,3.8844027519226074
p363_226.wav,3.5728349685668945
p374_184.wav,3.7866039276123047
p364_137.wav,3.650573253631592
s5_391.wav,4.245366096496582
p363_232.wav,3.857189178466797
p364_259.wav,3.557527542114258
p374_224.wav,3.7045412063598633
p364_269.wav,3.791536808013916
p374_049.wav,3.7524871826171875
s5_327.wav,3.7416114807128906
p363_401.wav,3.9017205238342285
p363_213.wav,3.7640182971954346
p361_085.wav,4.142279624938965
p361_336.wav,4.313457489013672
p364_112.wav,3.530796527862549
p363_042.wav,3.9827756881713867
p376_205.wav,3.9892420768737793
p374_386.wav,3.734877347946167
p361_377.wav,4.183627128601074
p360_244.wav,3.8844380378723145
p376_399.wav,3.827005386352539
p362_113.wav,3.9654862880706787
p364_184.wav,3.8185362815856934
p363_115.wav,4.034276008605957
p376_377.wav,3.854780673980713
p361_375.wav,4.046236038208008
p376_230.wav,4.000883102416992
p360_041.wav,4.092804908752441
s5_294.wav,3.907839298248291
s5_171.wav,3.65399169921875
p362_344.wav,3.8375566005706787
s5_100.wav,3.6432671546936035
p362_126.wav,3.9678478240966797
p364_070.wav,3.7772536277770996
p374_420.wav,3.9520936012268066
p361_008.wav,4.134390354156494
p362_418.wav,3.266072988510132
s5_010.wav,3.9396586418151855
p376_364.wav,3.8769962787628174
p360_006.wav,4.1144514083862305
p363_126.wav,3.7624399662017822
s5_002.wav,4.211197853088379
p360_423.wav,3.446192741394043
p363_005.wav,4.212926387786865
p360_298.wav,3.9121646881103516
s5_180.wav,4.236762523651123
p360_375.wav,4.0895819664001465
p360_313.wav,4.092508316040039
p360_075.wav,3.465845823287964
p360_411.wav,3.8982083797454834
p364_085.wav,3.7343554496765137
p363_073.wav,3.968956708908081
s5_271.wav,4.2295050621032715
p363_036.wav,3.7487778663635254
p376_084.wav,4.226468086242676
p376_093.wav,4.155097007751465
p360_156.wav,4.1265716552734375
p374_289.wav,3.512648820877075
p364_207.wav,4.107133865356445
p374_171.wav,4.031980514526367
p364_123.wav,4.168537139892578
p374_189.wav,3.5669076442718506
p361_355.wav,4.046417236328125
p374_029.wav,3.719686508178711
s5_284.wav,4.161158084869385
p376_335.wav,4.1734819412231445
p360_348.wav,4.04802131652832
p374_292.wav,3.5699281692504883
p374_305.wav,3.26043438911438
p363_134.wav,4.016467094421387
p362_374.wav,3.7958247661590576
p376_421.wav,3.6124064922332764
p363_337.wav,3.7242209911346436
s5_117.wav,3.5772366523742676
p361_167.wav,3.9644417762756348
s5_040.wav,4.167461395263672
p363_237.wav,3.9674205780029297
p376_301.wav,4.244581699371338
p363_303.wav,3.8328990936279297
p361_340.wav,4.3389668464660645
p363_381.wav,4.161737442016602
p361_011.wav,4.152962684631348
p361_073.wav,3.9849042892456055
p360_235.wav,3.968726634979248
p374_314.wav,3.6982204914093018
s5_169.wav,4.000657558441162
p376_346.wav,4.064287185668945
p361_072.wav,4.122684955596924
p360_265.wav,4.1138505935668945
p363_355.wav,3.79815411567688
s5_217.wav,4.045124053955078
p364_309.wav,3.5052804946899414
p361_378.wav,4.28794002532959
p362_115.wav,4.295980930328369
p360_023.wav,3.811877727508545
p360_159.wav,3.991366386413574
p364_102.wav,3.842947483062744
p360_240.wav,3.9131667613983154
p361_219.wav,3.7858102321624756
p363_119.wav,3.724738597869873
p376_357.wav,3.9470579624176025
p361_249.wav,3.8988723754882812
p374_307.wav,3.4750330448150635
p376_160.wav,3.955432891845703
p374_125.wav,3.4561076164245605
p363_169.wav,3.6633009910583496
p364_262.wav,3.7319846153259277
p376_040.wav,4.193667411804199
p364_264.wav,3.6503772735595703
p364_305.wav,3.8885912895202637
p376_231.wav,4.122756004333496
p360_229.wav,3.8954076766967773
s5_108.wav,3.948890209197998
p361_214.wav,4.231244087219238
p364_089.wav,3.393617630004883
p376_154.wav,4.080731391906738
p364_053.wav,3.7812678813934326
p364_060.wav,4.012063980102539
p364_013.wav,3.7746424674987793
p362_347.wav,3.6840453147888184
p360_200.wav,4.055811882019043
p363_351.wav,4.024677276611328
p361_384.wav,4.1421027183532715
p361_330.wav,4.073174476623535
p361_259.wav,3.957716464996338
p362_027.wav,3.8623452186584473
p361_223.wav,4.1436944007873535
p376_047.wav,4.298640251159668
p360_374.wav,3.9374072551727295
p363_197.wav,3.863415241241455
p376_260.wav,3.7358040809631348
p376_033.wav,4.309854030609131
p376_226.wav,4.03234338760376
p361_105.wav,4.343298435211182
s5_031.wav,4.180499076843262
s5_253.wav,3.9452457427978516
s5_315.wav,3.7594833374023438
p363_050.wav,3.3095827102661133
p360_036.wav,4.086042881011963
p374_092.wav,4.128385543823242
p364_101.wav,3.8102686405181885
p360_389.wav,3.761242628097534
p374_156.wav,3.9259133338928223
p363_098.wav,3.5124189853668213
p363_052.wav,4.111455917358398
p363_185.wav,3.848585605621338
p363_011.wav,3.8683133125305176
p363_164.wav,3.6585683822631836
p362_373.wav,4.238833904266357
s5_296.wav,3.3214306831359863
s5_342.wav,4.0779643058776855
p360_394.wav,3.9233157634735107
p360_253.wav,4.071412086486816
p364_217.wav,3.812936782836914
p363_012.wav,3.79211163520813
p374_037.wav,3.612380027770996
p364_254.wav,3.5582387447357178
p360_080.wav,4.062186241149902
s5_154.wav,4.263940811157227
p364_161.wav,4.148326396942139
p360_319.wav,3.8674678802490234
p363_365.wav,3.6210899353027344
s5_179.wav,4.119711875915527
p376_139.wav,3.9057929515838623
p376_082.wav,3.9186763763427734
p362_148.wav,3.8500142097473145
p376_338.wav,4.087485313415527
p374_381.wav,3.704025983810425
p376_017.wav,4.068304538726807
p361_046.wav,4.1395721435546875
p363_035.wav,3.8287172317504883
p376_011.wav,3.88159441947937
p376_046.wav,4.220487594604492
p376_221.wav,3.978365898132324
p361_115.wav,4.164978981018066
s5_034.wav,4.111539840698242
p361_349.wav,4.196097373962402
p360_211.wav,3.936612606048584
p363_051.wav,3.5789737701416016
p360_094.wav,3.7853078842163086
p374_223.wav,3.2861902713775635
s5_323.wav,3.6660854816436768
p360_228.wav,3.9783473014831543
p360_101.wav,3.982837438583374
p362_211.wav,3.970724582672119
p361_005.wav,3.7174439430236816
p374_316.wav,3.1736583709716797
p376_292.wav,3.9436323642730713
p360_257.wav,4.082027435302734
p374_377.wav,3.5383942127227783
p363_347.wav,4.04187536239624
p360_353.wav,3.9334967136383057
p376_120.wav,4.018423557281494
p374_385.wav,3.4498887062072754
p361_296.wav,4.05216121673584
p361_152.wav,4.280325412750244
p374_076.wav,3.670198917388916
p361_295.wav,4.189831256866455
p374_309.wav,3.823596239089966
p363_402.wav,3.5662896633148193
p360_293.wav,4.068724155426025
p374_318.wav,3.185877799987793
s5_035.wav,4.309046745300293
p363_327.wav,3.7815091609954834
s5_257.wav,3.7925806045532227
p360_369.wav,3.9411263465881348
p363_387.wav,3.955935001373291
p374_373.wav,3.9132096767425537
p361_184.wav,4.1968841552734375
p361_352.wav,4.328486442565918
p376_239.wav,3.9049906730651855
p360_271.wav,4.017426490783691
p374_089.wav,4.066133499145508
s5_383.wav,4.111732006072998
p364_079.wav,3.752516746520996
p374_378.wav,3.700836181640625
s5_201.wav,4.136063575744629
p363_404.wav,3.364722728729248
p364_114.wav,3.486786365509033
p374_322.wav,3.1162171363830566
p376_375.wav,3.9513626098632812
p363_215.wav,3.100003480911255
p374_301.wav,3.777402400970459
p360_420.wav,3.8118414878845215
p361_016.wav,3.932067394256592
p363_416.wav,3.343564987182617
p374_302.wav,3.8075060844421387
p374_177.wav,3.9304258823394775
p376_181.wav,3.889008045196533
p376_363.wav,3.8962154388427734
s5_003.wav,3.5172221660614014
s5_276.wav,3.8891594409942627
p364_061.wav,4.010451793670654
p364_064.wav,3.7105045318603516
p360_143.wav,4.177294731140137
p376_208.wav,4.066784381866455
p363_367.wav,4.0105204582214355
s5_209.wav,4.097274303436279
p363_380.wav,4.056977272033691
s5_246.wav,4.083853244781494
p361_399.wav,4.142683506011963
p374_368.wav,3.866102695465088
p376_079.wav,3.9529881477355957
p376_298.wav,4.051977157592773
p363_396.wav,3.923126697540283
p364_211.wav,3.9106719493865967
p363_034.wav,3.7967305183410645
p360_131.wav,3.766566753387451
p374_097.wav,3.635958194732666
p364_016.wav,3.404008626937866
p361_208.wav,3.9283924102783203
p360_339.wav,3.977388620376587
p361_055.wav,4.129204750061035
p360_083.wav,3.8344850540161133
s5_029.wav,3.8293566703796387
p374_278.wav,4.0208516120910645
p363_200.wav,3.3790793418884277
p376_284.wav,3.6988821029663086
p374_413.wav,3.296027660369873
p360_236.wav,3.7022881507873535
p361_150.wav,4.058453559875488
s5_172.wav,4.207973480224609
p376_412.wav,3.9122960567474365
p374_074.wav,4.123661994934082
p363_374.wav,3.8254027366638184
p364_181.wav,3.4723143577575684
p376_282.wav,3.908475399017334
p361_054.wav,4.1436872482299805
p360_123.wav,4.0971503257751465
p363_249.wav,3.390183210372925
p376_252.wav,4.021784782409668
p374_411.wav,3.4401936531066895
p374_280.wav,3.514583110809326
s5_392.wav,4.037735462188721
p376_073.wav,3.978628158569336
s5_111.wav,4.200622081756592
p376_006.wav,4.006351947784424
p374_320.wav,3.738107681274414
p376_376.wav,3.7956361770629883
p360_248.wav,3.832143783569336
s5_170.wav,4.258447170257568
p360_138.wav,3.728853464126587
p363_275.wav,3.932642698287964
p360_328.wav,3.7682414054870605
p360_107.wav,4.01127815246582
p360_377.wav,3.976016044616699
p374_341.wav,3.8044257164001465
p374_340.wav,4.128802299499512
p361_175.wav,4.155916213989258
p363_263.wav,4.121606349945068
p360_056.wav,4.126072406768799
s5_247.wav,3.8124661445617676
p361_095.wav,4.057847023010254
p363_135.wav,4.01379919052124
p374_271.wav,3.588461399078369
p363_395.wav,3.9779694080352783
p360_164.wav,3.8997292518615723
p376_237.wav,3.9504384994506836
p376_394.wav,3.91047739982605
p360_099.wav,3.6343979835510254
p360_393.wav,3.674574613571167
s5_064.wav,4.242668151855469
p364_168.wav,3.7747368812561035
p364_246.wav,3.520451307296753
p362_232.wav,3.8451833724975586
p363_409.wav,3.594797134399414
s5_220.wav,3.775405168533325
p364_032.wav,3.816192865371704
p364_159.wav,3.624988079071045
p363_196.wav,3.9336485862731934
p376_259.wav,4.103664398193359
p363_305.wav,3.7805428504943848
p363_097.wav,4.072790145874023
p374_194.wav,3.8281362056732178
p374_232.wav,3.7628531455993652
p363_386.wav,3.758936643600464
p360_301.wav,3.7511706352233887
p364_095.wav,3.6763830184936523
p361_226.wav,4.236164093017578
p360_266.wav,3.7978556156158447
p363_009.wav,3.5810093879699707
p361_329.wav,3.981642723083496
p360_371.wav,4.035683631896973
s5_187.wav,3.8182129859924316
p376_137.wav,3.878847360610962
p376_413.wav,3.830836772918701
p361_414.wav,4.352230548858643
p360_086.wav,4.042306423187256
p360_289.wav,3.8008384704589844
p376_224.wav,3.6216979026794434
p376_319.wav,3.855398654937744
s5_009.wav,4.188022613525391
p361_161.wav,4.121339797973633
p364_277.wav,3.8352935314178467
p360_136.wav,3.935405731201172
p360_286.wav,3.852921724319458
p364_213.wav,3.937392234802246
p376_291.wav,3.980429172515869
p363_138.wav,3.5423691272735596
s5_184.wav,4.154867649078369
s5_223.wav,4.123475551605225
p374_138.wav,3.3140804767608643
p374_213.wav,3.9301509857177734
p363_194.wav,4.084785461425781
s5_249.wav,4.1176676750183105
s5_112.wav,3.9539906978607178
p376_126.wav,4.051961898803711
p376_100.wav,3.6073617935180664
p374_237.wav,3.433011293411255
p361_401.wav,4.003788471221924
s5_233.wav,3.893165111541748
p363_295.wav,3.6330504417419434
s5_277.wav,4.090834617614746
p360_366.wav,3.828805923461914
p364_126.wav,3.955954074859619
p376_037.wav,4.238224029541016
p363_147.wav,4.1302595138549805
p364_241.wav,3.617471694946289
p360_378.wav,3.758061408996582
p361_229.wav,3.9993743896484375
p360_395.wav,3.757758855819702
p376_307.wav,4.046769142150879
p374_018.wav,3.7071022987365723
s5_324.wav,4.150701522827148
p376_330.wav,3.9691760540008545
p376_316.wav,3.9422037601470947
p364_048.wav,3.4746344089508057
p363_191.wav,3.711204767227173
p374_105.wav,3.9060254096984863
s5_103.wav,4.247668743133545
s5_195.wav,4.135068416595459
p376_354.wav,4.213712215423584
p361_037.wav,4.310375213623047
p376_211.wav,3.9710865020751953
s5_346.wav,3.5592117309570312
p361_288.wav,3.9918384552001953
p361_064.wav,4.122926235198975
p363_021.wav,3.9785523414611816
p362_212.wav,4.065577983856201
s5_059.wav,4.087335109710693
p364_244.wav,3.5060582160949707
s5_101.wav,3.835052728652954
p374_405.wav,3.478262186050415
p364_284.wav,3.9410533905029297
p364_148.wav,3.732603073120117
p364_253.wav,3.6680049896240234
p361_044.wav,4.217752456665039
p363_312.wav,3.7296972274780273
p374_228.wav,3.373142719268799
p361_149.wav,4.39019250869751
p376_352.wav,3.8940272331237793
p363_049.wav,4.003366470336914
p364_116.wav,3.926919460296631
p364_270.wav,3.7454802989959717
p376_310.wav,3.9808568954467773
p374_317.wav,2.9770407676696777
p364_191.wav,3.8499951362609863
p374_424.wav,3.6439318656921387
p361_268.wav,4.324090957641602
p364_258.wav,3.594041347503662
s5_128.wav,3.644892930984497
p364_257.wav,3.7858383655548096
p363_411.wav,3.808267593383789
p374_308.wav,3.4223685264587402
s5_265.wav,3.8528218269348145
p376_118.wav,3.8837087154388428
s5_275.wav,4.067037582397461
p376_018.wav,3.7367959022521973
p364_138.wav,3.8463187217712402
p363_220.wav,3.6688642501831055
p360_028.wav,3.8198397159576416
p376_119.wav,4.0787858963012695
s5_269.wav,4.143160343170166
p361_359.wav,4.264656066894531
p360_397.wav,3.7407164573669434
p376_013.wav,3.4602761268615723
p360_294.wav,3.7351255416870117
p361_074.wav,4.305452346801758
p364_260.wav,3.604264497756958
p360_190.wav,4.0486931800842285
p363_372.wav,3.61008882522583
p363_358.wav,3.5618667602539062
p374_046.wav,3.8104405403137207
p363_382.wav,4.0539445877075195
p364_087.wav,3.9180593490600586
p363_095.wav,4.1191606521606445
p363_180.wav,3.865107297897339
p364_271.wav,4.015855312347412
p374_198.wav,3.934206962585449
p374_134.wav,3.4999303817749023
p364_110.wav,4.068136215209961
p360_280.wav,4.168129920959473
s5_109.wav,3.898437023162842
p364_158.wav,3.758019208908081
p376_088.wav,3.799410581588745
p374_344.wav,3.5856802463531494
p376_293.wav,3.916055679321289
p374_356.wav,3.4837145805358887
p376_023.wav,4.069278240203857
p360_209.wav,4.129970550537109
p364_130.wav,4.025272369384766
p376_190.wav,4.1897687911987305
p361_169.wav,4.267122745513916
p360_172.wav,3.7025911808013916
p360_402.wav,4.049017906188965
p374_102.wav,3.6940197944641113
p363_335.wav,3.4168601036071777
p374_208.wav,3.5735890865325928
p364_141.wav,3.6650304794311523
s5_042.wav,4.254385948181152
p360_334.wav,3.890084981918335
p374_263.wav,2.9274492263793945
p364_274.wav,3.8841068744659424
p376_400.wav,3.742277145385742
p364_001.wav,3.635897636413574
p360_287.wav,3.976740837097168
p363_298.wav,3.6723787784576416
p361_183.wav,4.140249252319336
p363_377.wav,3.654578447341919
p360_170.wav,4.133813858032227
p364_208.wav,3.6969547271728516
p364_107.wav,3.985132932662964
p363_198.wav,3.832925319671631
p363_077.wav,3.5332744121551514
p376_138.wav,4.188922882080078
s5_359.wav,3.8219122886657715
p361_408.wav,4.355476379394531
p363_187.wav,4.034373760223389
p361_168.wav,4.237006187438965
p360_142.wav,3.97904109954834
p363_084.wav,3.9153363704681396
p362_074.wav,3.910965919494629
s5_370.wav,3.6391661167144775
p364_100.wav,3.982402801513672
p374_166.wav,3.841090679168701
p361_077.wav,4.022622585296631
p361_135.wav,3.8390395641326904
p363_233.wav,3.8265058994293213
p374_058.wav,3.598057508468628
p361_380.wav,4.060349941253662
p361_123.wav,4.1879706382751465
p360_044.wav,4.120491027832031
p360_273.wav,4.032670021057129
p362_224.wav,3.872175455093384
p360_372.wav,3.7892239093780518
p364_147.wav,4.000946521759033
p360_416.wav,3.5406737327575684
p376_029.wav,4.146628379821777
p376_201.wav,3.6842527389526367
p362_100.wav,3.8763608932495117
p374_277.wav,4.173340797424316
p361_056.wav,4.001551628112793
p374_279.wav,3.8174922466278076
p361_132.wav,3.6821208000183105
p360_088.wav,3.9549458026885986
p363_172.wav,3.977952480316162
p364_072.wav,3.6552562713623047
s5_164.wav,4.040302276611328
p361_026.wav,4.152842044830322
p363_308.wav,3.7512009143829346
p361_139.wav,3.8903861045837402
p376_326.wav,3.708305835723877
p364_256.wav,3.9356870651245117
p361_424.wav,3.4717419147491455
p374_417.wav,3.6511454582214355
p360_221.wav,4.014755725860596
p364_156.wav,3.5309274196624756
p364_239.wav,3.8728508949279785
p361_420.wav,3.947050094604492
p376_300.wav,4.183161735534668
p361_042.wav,4.315169334411621
p360_260.wav,3.7331011295318604
s5_175.wav,3.8986053466796875
p374_374.wav,3.467991352081299
p363_085.wav,4.054638862609863
p364_247.wav,3.995763063430786
p361_078.wav,3.8748738765716553
p376_285.wav,4.0997395515441895
p361_277.wav,3.8286988735198975
p361_299.wav,4.159170150756836
p361_418.wav,4.13856315612793
p362_112.wav,4.152715682983398
p360_112.wav,3.892758369445801
p361_387.wav,4.171698570251465
p364_140.wav,3.8164830207824707
p364_131.wav,3.892878293991089
p364_019.wav,3.313784599304199
p360_385.wav,3.829288959503174
p360_061.wav,4.0695343017578125
p376_383.wav,4.099038124084473
p364_058.wav,4.0051422119140625
p363_128.wav,4.105819225311279
p376_274.wav,3.8232815265655518
s5_105.wav,4.0050787925720215
p363_364.wav,3.870377540588379
p361_335.wav,4.12449836730957
p360_361.wav,3.8436028957366943
p374_117.wav,3.728898048400879
p361_286.wav,4.158164024353027
s5_085.wav,3.916980266571045
p360_312.wav,3.952348470687866
p361_332.wav,4.013498306274414
p364_176.wav,3.608476161956787
p361_191.wav,4.144128799438477
p360_284.wav,4.07338809967041
p361_417.wav,4.230379104614258
p376_075.wav,3.797645330429077
p361_342.wav,3.481440782546997
p360_410.wav,3.9913687705993652
p361_298.wav,3.99125337600708
p363_142.wav,3.8141698837280273
p361_345.wav,4.286421298980713
p376_220.wav,3.837970733642578
p376_110.wav,3.5112156867980957
p376_195.wav,4.139448165893555
p363_252.wav,3.885010004043579
p361_232.wav,4.3004150390625
s5_354.wav,4.189505100250244
p376_008.wav,3.833376407623291
p361_278.wav,4.113585948944092
p374_390.wav,3.488210678100586
p360_050.wav,4.116477012634277
p360_085.wav,3.8302457332611084
p360_069.wav,3.8782832622528076
p363_350.wav,3.3267390727996826
p361_270.wav,3.937622547149658
p363_376.wav,3.902346134185791
p364_216.wav,3.856107234954834
p374_094.wav,4.043630123138428
p374_218.wav,3.9851343631744385
p361_391.wav,4.336986064910889
p364_276.wav,3.8693735599517822
s5_143.wav,3.9258155822753906
p361_307.wav,4.056797981262207
p363_188.wav,3.998870849609375
p376_056.wav,4.1140971183776855
p360_401.wav,3.9280307292938232
p360_321.wav,3.8622632026672363
p374_090.wav,3.732774019241333
p361_003.wav,4.055953025817871
p363_131.wav,3.8470170497894287
p360_219.wav,4.161085605621338
p360_188.wav,4.021740913391113
p361_364.wav,4.271277904510498
p360_415.wav,4.107113838195801
s5_331.wav,4.152806282043457
p360_307.wav,3.8637444972991943
p360_009.wav,4.023839473724365
p361_265.wav,4.21328067779541
p374_006.wav,3.746854543685913
s5_206.wav,4.336738586425781
p364_153.wav,3.9415550231933594
p374_082.wav,3.83363676071167
p361_314.wav,4.319455146789551
p361_103.wav,4.002194404602051
s5_365.wav,3.9225077629089355
p374_236.wav,3.901461124420166
s5_393.wav,4.022714614868164
p374_155.wav,3.957188606262207
p363_316.wav,3.9151062965393066
p360_231.wav,3.7427215576171875
p364_182.wav,4.030632972717285
p374_015.wav,3.808702230453491
p376_194.wav,4.159399509429932
s5_319.wav,3.9614453315734863
p363_290.wav,4.219411373138428
p376_350.wav,3.5587446689605713
p360_003.wav,4.028007507324219
p363_319.wav,3.3568902015686035
p374_255.wav,3.7790017127990723
p364_143.wav,3.810854196548462
s5_197.wav,4.044844627380371
p364_248.wav,3.7331106662750244
p376_169.wav,3.8990116119384766
p364_174.wav,3.881253242492676
s5_351.wav,3.9207963943481445
p364_218.wav,3.9756734371185303
p363_107.wav,3.7339675426483154
p362_410.wav,4.011863708496094
s5_389.wav,3.9042441844940186
p363_060.wav,3.3750219345092773
p364_249.wav,3.7733843326568604
p364_177.wav,3.690340757369995
p374_389.wav,3.5377049446105957
s5_210.wav,4.0092549324035645
p360_195.wav,4.0838470458984375
p374_004.wav,3.790700674057007
p364_082.wav,3.9064435958862305
p376_010.wav,4.055333137512207
s5_326.wav,3.664649486541748
p361_212.wav,4.098387718200684
p374_146.wav,3.7453908920288086
p360_254.wav,4.007551193237305
p364_261.wav,3.642465353012085
p376_246.wav,4.169416427612305
p364_160.wav,3.7528977394104004
p361_365.wav,3.8100686073303223
p376_336.wav,4.1879119873046875
p360_391.wav,3.981355667114258
p374_227.wav,3.8963019847869873
p374_286.wav,3.966193675994873
s5_194.wav,3.5220634937286377
p363_338.wav,3.807737350463867
p361_406.wav,4.262301445007324
p361_048.wav,4.028121471405029
s5_014.wav,3.577676773071289
p364_118.wav,3.7450499534606934
p363_018.wav,3.5843899250030518
p363_091.wav,4.157721042633057
s5_388.wav,3.9853339195251465
p363_361.wav,3.841830253601074
p361_031.wav,4.24245548248291
p376_043.wav,4.104976177215576
p374_365.wav,3.8342936038970947
p376_039.wav,4.106101036071777
p374_167.wav,3.6187944412231445
p376_024.wav,4.213555812835693
p360_120.wav,3.964940309524536
p374_349.wav,3.4958877563476562
s5_114.wav,3.929307222366333
p360_059.wav,3.686478614807129
p363_004.wav,4.1415181159973145
p376_172.wav,4.233173847198486
p363_076.wav,3.720155954360962
p376_218.wav,3.995821952819824
p374_394.wav,3.7784974575042725
p374_412.wav,3.7583837509155273
p376_014.wav,3.921055555343628
p363_059.wav,4.053937911987305
p376_245.wav,4.051253318786621
p363_392.wav,4.013361930847168
p360_152.wav,3.7087020874023438
p361_258.wav,4.314002990722656
p374_239.wav,3.179790735244751
p363_331.wav,3.3229336738586426
p364_018.wav,3.5154170989990234
p360_033.wav,3.9205241203308105
p360_316.wav,3.944368362426758
s5_386.wav,4.006755352020264
p360_160.wav,4.062050819396973
p364_273.wav,3.791619300842285
p364_164.wav,3.817821979522705
p363_357.wav,3.9334306716918945
p364_285.wav,3.5352895259857178
p363_007.wav,3.929886817932129
p376_147.wav,4.210537910461426
p374_025.wav,4.048669338226318
p374_101.wav,3.7085328102111816
p362_041.wav,3.7594823837280273
s5_186.wav,3.669346809387207
s5_241.wav,3.325853109359741
p363_333.wav,4.108621597290039
p364_231.wav,3.4585587978363037
p376_134.wav,3.9964613914489746
s5_043.wav,4.144972324371338
s5_126.wav,3.9808740615844727
p364_125.wav,3.719892978668213
p363_310.wav,3.482862710952759
s5_070.wav,4.029715061187744
p363_277.wav,3.754185199737549
p374_160.wav,3.6866230964660645
p376_081.wav,3.6770620346069336
p360_068.wav,3.8875322341918945
p364_152.wav,3.8238492012023926
p364_030.wav,3.6985151767730713
p376_054.wav,4.130431175231934
p363_218.wav,3.498924493789673
s5_007.wav,4.093052864074707
p364_192.wav,3.760894536972046
p360_020.wav,4.064486980438232
p362_337.wav,4.227356433868408
p364_209.wav,3.9705970287323
p376_269.wav,3.862673759460449
s5_088.wav,3.9537625312805176
s5_132.wav,4.084362983703613
p374_144.wav,4.156824111938477
p361_070.wav,4.317627906799316
s5_093.wav,4.018670558929443
p361_321.wav,4.170183181762695
p376_183.wav,3.8763978481292725
p364_081.wav,3.8607587814331055
p360_238.wav,3.8025660514831543
p364_008.wav,3.7405381202697754
p361_006.wav,4.018376350402832
s5_092.wav,4.267752170562744
p363_371.wav,3.7245044708251953
p363_166.wav,3.7717933654785156
p374_071.wav,4.149366855621338
p362_012.wav,3.9104702472686768
p360_199.wav,4.12886905670166
s5_168.wav,4.180777072906494
p360_350.wav,3.9841628074645996
s5_065.wav,4.064106464385986
p360_300.wav,3.8653411865234375
p361_094.wav,4.221120357513428
p360_357.wav,3.6808276176452637
p361_158.wav,3.972093105316162
p374_397.wav,3.7328529357910156
p376_367.wav,3.5099728107452393
p376_185.wav,4.225348472595215
p360_250.wav,4.027763366699219
p361_320.wav,4.045201301574707
p362_065.wav,4.217936992645264
p363_006.wav,3.9883158206939697
s5_298.wav,3.760899066925049
p376_219.wav,3.759718894958496
p364_167.wav,3.7155895233154297
p364_134.wav,3.818321943283081
p360_424.wav,3.7454333305358887
p362_120.wav,4.231438636779785
p376_053.wav,4.190255165100098
p374_016.wav,3.538006544113159
p360_122.wav,4.146876811981201
s5_008.wav,4.101339340209961
p363_349.wav,4.088797569274902
p363_206.wav,4.177642822265625
p374_047.wav,3.7626304626464844
p376_424.wav,3.335322141647339
p374_084.wav,3.3888096809387207
p364_097.wav,3.9104223251342773
s5_330.wav,4.136608123779297
s5_398.wav,3.8879847526550293
p360_409.wav,3.7658634185791016
p374_348.wav,3.8402392864227295
p376_368.wav,3.800401449203491
p376_091.wav,3.483768939971924
p363_080.wav,3.997472047805786
p374_113.wav,3.8880648612976074
p374_042.wav,3.101551055908203
p374_231.wav,3.683159589767456
p363_266.wav,3.940582275390625
p363_067.wav,4.117444038391113
p374_226.wav,3.44319486618042
s5_297.wav,3.3242685794830322
p374_388.wav,4.018108367919922
p376_251.wav,3.7513012886047363
p361_180.wav,3.9800989627838135
p363_086.wav,3.8522591590881348
p374_028.wav,4.028151035308838
s5_350.wav,3.774240493774414
p376_015.wav,4.034224033355713
p360_090.wav,3.783021926879883
p360_304.wav,3.761223554611206
p364_223.wav,3.782528877258301
p376_387.wav,4.076331615447998
p363_302.wav,3.5500638484954834
p361_231.wav,4.160898208618164
p362_108.wav,4.30230188369751
p363_195.wav,3.7799794673919678
p362_266.wav,4.232158184051514
p374_036.wav,4.0211405754089355
p374_066.wav,4.1395182609558105
p376_314.wav,3.939025402069092
p364_263.wav,4.011458873748779
p363_267.wav,3.6846201419830322
p363_149.wav,4.001398086547852
p363_278.wav,3.663017749786377
s5_321.wav,3.8516921997070312
p362_009.wav,3.2340505123138428
p363_093.wav,4.03545618057251
p364_298.wav,3.6653456687927246
p364_090.wav,3.7094926834106445
s5_118.wav,4.116201400756836
p363_313.wav,3.6589818000793457
p374_106.wav,3.4055330753326416
p363_192.wav,3.644958972930908
p376_256.wav,4.062021255493164
p363_155.wav,4.138334274291992
p374_142.wav,3.9524388313293457
p374_350.wav,3.961353063583374
p376_165.wav,4.049702167510986
p374_168.wav,3.8315718173980713
p363_028.wav,3.831625461578369
p374_093.wav,3.39912486076355
p374_003.wav,3.829465866088867
s5_178.wav,3.9643352031707764
p363_026.wav,4.005849838256836
p361_393.wav,4.1493964195251465
p364_142.wav,3.893695116043091
p364_129.wav,3.4675698280334473
s5_254.wav,3.910953998565674
p376_328.wav,3.7290191650390625
s5_304.wav,3.9006621837615967
p360_414.wav,3.686704397201538
p376_378.wav,4.156637191772461
p360_102.wav,3.8850131034851074
p374_024.wav,3.81428861618042
p374_415.wav,4.035711288452148
p360_021.wav,3.9540512561798096
p361_117.wav,4.07747745513916
p374_359.wav,3.747403144836426
p374_111.wav,3.955488681793213
p360_282.wav,4.024147987365723
p360_297.wav,4.14232063293457
p364_091.wav,3.852388381958008
s5_095.wav,4.284854412078857
p364_034.wav,3.634557008743286
p362_390.wav,3.855393886566162
p360_407.wav,3.4108545780181885
p376_196.wav,3.695331573486328
p376_323.wav,3.6114602088928223
p363_341.wav,3.3099586963653564
p376_362.wav,3.7128748893737793
p364_212.wav,3.8022305965423584
p363_044.wav,3.942060708999634
p361_196.wav,3.9400575160980225
p362_317.wav,3.882246494293213
p361_060.wav,4.027386665344238
s5_397.wav,3.519167184829712
p361_255.wav,3.9133360385894775
p376_347.wav,3.456113576889038
s5_174.wav,4.017151832580566
s5_362.wav,3.6356968879699707
p360_279.wav,4.183966159820557
p360_217.wav,3.9240593910217285
p363_008.wav,3.8765006065368652
p376_321.wav,3.6627936363220215
p363_245.wav,3.6428451538085938
p361_098.wav,4.245357036590576
p364_069.wav,3.3741509914398193
p374_207.wav,3.8804571628570557
p363_356.wav,3.039538621902466
p360_177.wav,3.934126377105713
p360_001.wav,3.783792495727539
p363_173.wav,3.220263957977295
s5_091.wav,3.9452900886535645
p360_285.wav,4.169220447540283
p364_098.wav,3.8206820487976074
p376_200.wav,4.121928691864014
p376_131.wav,3.7883408069610596
p376_332.wav,4.097509384155273
p360_127.wav,3.9134275913238525
p376_261.wav,3.6157116889953613
p363_087.wav,3.8708956241607666
s5_013.wav,4.064053058624268
p364_293.wav,3.8263936042785645
s5_340.wav,4.191068172454834
s5_188.wav,3.6902337074279785
p363_081.wav,3.51409912109375
p376_243.wav,3.836918354034424
s5_191.wav,3.992105484008789
p363_306.wav,3.5042760372161865
p363_287.wav,4.024786949157715
p376_175.wav,4.142159461975098
p362_216.wav,4.061482906341553
p374_183.wav,3.603797435760498
p363_144.wav,3.6499242782592773
p363_020.wav,3.9799046516418457
p376_059.wav,3.386583089828491
p361_083.wav,4.0530290603637695
p374_200.wav,3.9323787689208984
p361_324.wav,4.043724060058594
p363_156.wav,3.8086178302764893
p362_147.wav,4.026355743408203
p376_199.wav,4.2693915367126465
s5_190.wav,4.111814498901367
p376_095.wav,3.7186532020568848
p362_312.wav,3.460878849029541
p362_055.wav,4.19975471496582
p364_251.wav,3.805398941040039
p364_187.wav,3.8608627319335938
p360_192.wav,3.8405351638793945
p361_228.wav,4.127908229827881
p360_214.wav,3.8189377784729004
p364_146.wav,3.4134738445281982
p361_264.wav,3.9835047721862793
p360_149.wav,3.924090623855591
s5_261.wav,3.729771137237549
p363_199.wav,3.621133327484131
p374_261.wav,3.576767683029175
p376_410.wav,3.7024552822113037
p360_140.wav,4.176414489746094
p360_241.wav,3.450648307800293
p374_360.wav,3.981679916381836
p374_376.wav,3.922823429107666
s5_349.wav,3.9369523525238037
p361_147.wav,4.2717604637146
p361_402.wav,3.978348970413208
p360_147.wav,4.09162712097168
p374_407.wav,3.8168561458587646
p376_094.wav,3.7984352111816406
p374_112.wav,3.8934781551361084
p376_034.wav,3.839097738265991
s5_094.wav,4.0175371170043945
p361_141.wav,4.076888084411621
p374_395.wav,3.4007222652435303
p364_266.wav,3.929518222808838
s5_222.wav,4.222442626953125
p364_117.wav,3.6400046348571777
p363_139.wav,4.123235702514648
p360_384.wav,3.512727975845337
p360_258.wav,3.8321728706359863
p360_305.wav,4.098525047302246
p374_077.wav,4.00460147857666
p363_038.wav,3.899747371673584
p363_143.wav,3.8804636001586914
s5_073.wav,4.0885233879089355
s5_339.wav,3.9744884967803955
p376_322.wav,3.365191698074341
p361_049.wav,4.01418399810791
p364_245.wav,3.5720858573913574
s5_152.wav,3.913992404937744
s5_364.wav,4.325068473815918
p362_362.wav,4.14205265045166
p364_121.wav,3.898754119873047
p361_104.wav,3.8277273178100586
s5_151.wav,3.7893571853637695
p362_098.wav,4.04328727722168
p360_310.wav,3.7533340454101562
p364_003.wav,3.572293281555176
p360_161.wav,3.83004093170166
p376_048.wav,4.277613639831543
s5_329.wav,4.082729339599609
p360_275.wav,4.192373275756836
p360_025.wav,4.0555644035339355
p376_356.wav,3.829578161239624
s5_113.wav,3.7003116607666016
p360_024.wav,4.001005172729492
p363_224.wav,4.191839218139648
p364_076.wav,3.528109312057495
p360_349.wav,3.8336501121520996
p376_051.wav,4.046829700469971
p363_122.wav,4.019842147827148
p374_293.wav,3.697706937789917
p361_017.wav,4.053958892822266
p361_386.wav,3.8973281383514404
p360_224.wav,3.9555163383483887
p361_413.wav,3.9707086086273193
p360_262.wav,4.0374274253845215
p363_075.wav,4.0670084953308105
p376_122.wav,3.8732619285583496
p362_095.wav,3.529452323913574
p363_182.wav,4.086389064788818
p363_315.wav,3.2547121047973633
p360_167.wav,3.9796040058135986
p360_264.wav,3.9961090087890625
p360_336.wav,3.7305643558502197
p360_016.wav,3.8348007202148438
s5_228.wav,4.1310343742370605
p376_228.wav,3.9348156452178955
p376_026.wav,3.9766721725463867
p363_300.wav,4.107378959655762
p363_157.wav,3.550354242324829
p376_066.wav,3.9085052013397217
s5_373.wav,4.252625942230225
p361_182.wav,3.772200345993042
p361_097.wav,4.0379743576049805
p362_125.wav,4.176586151123047
s5_352.wav,4.225345611572266
p361_188.wav,3.8745617866516113
s5_279.wav,3.924572706222534
p364_074.wav,3.8512284755706787
s5_225.wav,4.18789005279541
p361_067.wav,4.115857124328613
p363_063.wav,3.460606098175049
p376_353.wav,3.827155828475952
p363_209.wav,3.1476521492004395
p361_362.wav,3.8246102333068848
p360_323.wav,4.121978759765625
p362_010.wav,4.061172008514404
p374_382.wav,3.884521007537842
p361_002.wav,4.169222831726074
s5_028.wav,4.124005317687988
p376_090.wav,3.9834301471710205
p360_242.wav,4.0541534423828125
s5_282.wav,4.1417999267578125
p361_066.wav,4.066641330718994
s5_039.wav,3.871725559234619
p376_167.wav,3.843212127685547
s5_387.wav,4.159162521362305
p376_385.wav,4.227599620819092
p362_383.wav,3.972255229949951
p364_106.wav,3.819470167160034
p376_141.wav,4.107860565185547
s5_357.wav,4.267614364624023
p360_360.wav,4.10813045501709
p374_351.wav,3.659888744354248
p360_002.wav,3.810239791870117
p376_297.wav,4.116344928741455
p363_282.wav,3.5205435752868652
p376_258.wav,3.8292174339294434
p364_290.wav,3.85367751121521
p364_287.wav,3.3654417991638184
p360_055.wav,3.76987886428833
p362_002.wav,3.9556498527526855
p364_288.wav,3.648237705230713
p374_212.wav,3.928330183029175
p360_093.wav,4.010347843170166
p363_174.wav,3.82037353515625
s5_377.wav,4.144558906555176
p376_032.wav,3.9955244064331055
p361_310.wav,3.8046205043792725
p360_309.wav,3.934345006942749
p361_159.wav,4.207969665527344
p374_131.wav,3.5939595699310303
p374_243.wav,3.975281238555908
p376_360.wav,3.873159885406494
s5_302.wav,3.901352643966675
p362_275.wav,3.937950372695923
p376_235.wav,4.135598659515381
p360_032.wav,4.082699775695801
p361_058.wav,4.04083776473999
p363_373.wav,3.972442865371704
p360_132.wav,4.18454647064209
p374_246.wav,3.7816720008850098
p374_159.wav,3.5986075401306152
p374_186.wav,4.222674369812012
p376_401.wav,3.1339235305786133
p361_160.wav,3.6650936603546143
p361_111.wav,4.10606050491333
p361_091.wav,3.743680238723755
p376_217.wav,3.9660518169403076
p360_201.wav,3.7331016063690186
p361_280.wav,3.922917604446411
p364_198.wav,4.066633224487305
p361_071.wav,4.201512813568115
p360_043.wav,3.846057891845703
p360_129.wav,3.9800848960876465
p376_116.wav,3.8812899589538574
p360_065.wav,4.01414680480957
s5_044.wav,4.241569995880127
p376_114.wav,3.910931348800659
p360_387.wav,3.770479679107666
p360_354.wav,3.9642746448516846
p360_007.wav,3.852025032043457
p363_175.wav,3.7228035926818848
p364_007.wav,3.7030792236328125
p363_332.wav,3.6536033153533936
s5_369.wav,3.7083041667938232
p364_062.wav,4.092051029205322
s5_278.wav,4.209918022155762
p376_074.wav,3.726027250289917
p361_102.wav,4.268476963043213
p364_115.wav,3.4222967624664307
p361_405.wav,4.041900634765625
p363_415.wav,3.7093617916107178
p361_216.wav,3.8731489181518555
p376_372.wav,4.044439315795898
p360_283.wav,4.056877136230469
p361_030.wav,4.2171430587768555
p361_253.wav,4.212612152099609
p374_162.wav,3.88515043258667
p360_071.wav,3.348135471343994
p360_364.wav,3.9342098236083984
s5_320.wav,3.8692426681518555
p376_078.wav,4.100855827331543
p376_042.wav,3.887990951538086
s5_270.wav,4.052886009216309
p363_208.wav,4.073328018188477
p376_391.wav,4.073561191558838
p374_085.wav,3.98066782951355
p360_182.wav,3.920832633972168
s5_292.wav,4.23805046081543
p364_024.wav,3.5733394622802734
p361_009.wav,4.284243583679199
p360_268.wav,4.059186935424805
p361_292.wav,3.773862361907959
p374_346.wav,3.3295273780822754
p376_087.wav,3.8620991706848145
p360_128.wav,3.8824520111083984
p374_254.wav,3.755422830581665
p376_331.wav,3.78719425201416
p363_270.wav,3.6557345390319824
p361_243.wav,3.9694552421569824
s5_155.wav,4.1743059158325195
p374_063.wav,4.327822685241699
p376_038.wav,3.6863715648651123
p376_041.wav,4.030825614929199
p363_394.wav,3.5245988368988037
p360_027.wav,3.125851631164551
p376_157.wav,3.9548912048339844
s5_227.wav,4.281373977661133
p360_381.wav,3.953862190246582
p363_162.wav,4.072075843811035
p363_326.wav,3.4183568954467773
s5_262.wav,3.6993002891540527
p374_091.wav,3.66072940826416
s5_348.wav,3.6748061180114746
p364_083.wav,3.787667751312256
p363_054.wav,4.098054885864258
s5_306.wav,4.179469108581543
p363_352.wav,3.9146506786346436
p376_214.wav,3.9913392066955566
s5_356.wav,3.883579730987549
s5_256.wav,4.127539157867432
s5_333.wav,3.8181421756744385
p376_272.wav,3.7107207775115967
p374_128.wav,3.5345423221588135
p361_156.wav,3.9580445289611816
p364_086.wav,3.8964133262634277
p363_102.wav,4.0405426025390625
p361_201.wav,3.9776415824890137
p361_154.wav,4.0883893966674805
s5_142.wav,3.930670738220215
p363_003.wav,4.015181541442871
p376_149.wav,4.1269989013671875
p361_233.wav,4.144206523895264
p361_370.wav,3.9831790924072266
s5_360.wav,3.985712766647339
s5_317.wav,4.202419281005859
p364_178.wav,3.809257984161377
p376_027.wav,4.073398113250732
p362_205.wav,4.253284931182861
p376_065.wav,3.7341933250427246
s5_089.wav,3.8483519554138184
p363_109.wav,3.1799354553222656
p361_394.wav,4.109132766723633
p376_170.wav,3.784302234649658
p361_422.wav,4.139493465423584
p374_088.wav,3.7494146823883057
p360_089.wav,4.051695823669434
p374_328.wav,3.8708834648132324
p361_379.wav,4.128542423248291
p361_351.wav,3.7934086322784424
p361_235.wav,3.9978575706481934
s5_123.wav,3.883262872695923
s5_081.wav,3.7508902549743652
p363_234.wav,3.0023245811462402
s5_057.wav,4.132080554962158
p360_367.wav,4.15806770324707
p374_069.wav,3.699408769607544
p374_021.wav,3.6850786209106445
p364_015.wav,3.615476608276367
s5_017.wav,3.9917874336242676
p361_018.wav,4.027764320373535
p363_413.wav,3.429703712463379
p364_077.wav,3.89473557472229
p361_421.wav,4.1887407302856445
p363_322.wav,4.001932621002197
p364_149.wav,3.758430004119873
p376_148.wav,3.799290657043457
p361_297.wav,4.214522361755371
p376_386.wav,3.6720471382141113
p374_294.wav,3.9616448879241943
s5_338.wav,4.145851135253906
p374_410.wav,3.2235770225524902
p374_331.wav,3.429755449295044
p376_277.wav,3.9626898765563965
p361_369.wav,3.883169174194336
p374_298.wav,3.692878246307373
p374_403.wav,3.7768354415893555
p376_156.wav,3.6821811199188232
p360_202.wav,4.0799784660339355
p376_025.wav,3.8618011474609375
p364_281.wav,3.7111010551452637
p361_282.wav,4.013647556304932
p360_314.wav,4.008681297302246
p376_162.wav,4.059935092926025
p364_242.wav,3.853304862976074
p364_171.wav,3.850687265396118
p360_019.wav,3.934499502182007
p364_225.wav,3.980724811553955
s5_226.wav,3.52942156791687
p360_082.wav,4.123669147491455
p374_362.wav,3.4330689907073975
p374_370.wav,3.555351734161377
p362_198.wav,4.0215630531311035
s5_050.wav,3.4313206672668457
p363_309.wav,3.7579381465911865
p376_418.wav,3.6236824989318848
p363_283.wav,3.871519088745117
p363_419.wav,3.7211174964904785
s5_058.wav,3.9902169704437256
p376_143.wav,3.792388677597046
p376_244.wav,3.9180455207824707
p363_239.wav,3.3346445560455322
p360_324.wav,3.819185733795166
p376_121.wav,4.047839164733887
p364_056.wav,3.645099639892578
p364_180.wav,3.9629886150360107
p364_155.wav,3.8304762840270996
p374_169.wav,3.7136800289154053
p364_166.wav,3.5840466022491455
p363_117.wav,3.8393454551696777
s5_361.wav,4.211012363433838
s5_145.wav,4.0292134284973145
p374_221.wav,3.6062700748443604
p363_207.wav,3.8069379329681396
p361_312.wav,4.158796310424805
p376_236.wav,4.039035320281982
p360_155.wav,4.1256232261657715
p360_049.wav,3.97330904006958
s5_295.wav,4.08740758895874
p362_299.wav,4.170783042907715
p374_045.wav,3.5371413230895996
p374_017.wav,3.9074387550354004
p374_366.wav,3.5521657466888428
p376_325.wav,4.017659664154053
p374_291.wav,3.572910785675049
p361_323.wav,4.055897235870361
p374_311.wav,3.751563310623169
p363_397.wav,3.553152561187744
p361_092.wav,3.8428735733032227
p374_391.wav,3.4243252277374268
p363_363.wav,3.436969041824341
p376_373.wav,3.772568702697754
p363_121.wav,3.952335834503174
p360_325.wav,4.056127548217773
p374_290.wav,3.4939684867858887
p374_329.wav,3.8700404167175293
s5_234.wav,4.184325695037842
p363_422.wav,3.671492099761963
s5_380.wav,4.338500022888184
p374_026.wav,3.685865879058838
p374_310.wav,3.288923740386963
p363_216.wav,3.844609022140503
p360_103.wav,3.895961046218872
p361_151.wav,4.1692681312561035
p363_285.wav,3.8406968116760254
p374_013.wav,3.7145111560821533
s5_336.wav,3.976515769958496
p363_276.wav,3.134835958480835
p360_010.wav,3.9593920707702637
p374_295.wav,3.231374740600586
p363_178.wav,3.631230354309082
p363_040.wav,3.689018726348877
p374_158.wav,4.102435111999512
p360_135.wav,3.7472078800201416
p376_193.wav,3.987097978591919
p376_057.wav,4.074819564819336
p363_152.wav,3.497954845428467
p361_409.wav,3.871691942214966
p374_219.wav,3.6083219051361084
p361_076.wav,3.6697890758514404
p360_216.wav,4.098026752471924
p361_337.wav,4.24855375289917
p361_237.wav,4.295598030090332
p374_009.wav,4.174019813537598
p376_329.wav,3.9526054859161377
p363_268.wav,3.635450839996338
p374_241.wav,3.8030872344970703
p376_286.wav,3.8053393363952637
p374_061.wav,3.6287856101989746
p364_004.wav,3.750771999359131
p376_210.wav,4.1707282066345215
s5_395.wav,3.6173665523529053
p360_079.wav,3.9997143745422363
p374_150.wav,3.6466448307037354
s5_400.wav,3.936317205429077
p360_352.wav,3.780374050140381
p361_004.wav,3.698638677597046
s5_260.wav,4.12882137298584
p361_087.wav,3.937288284301758
p376_276.wav,4.031487464904785
p376_392.wav,3.7788195610046387
p361_389.wav,4.118926048278809
p361_303.wav,3.7833127975463867
p363_151.wav,3.5316519737243652
p374_035.wav,3.9484243392944336
p374_321.wav,3.5961291790008545
p362_210.wav,3.9273509979248047
s5_312.wav,3.8844258785247803
p363_099.wav,3.750366687774658
p364_233.wav,3.684957504272461
p360_406.wav,3.7294373512268066
p363_072.wav,3.8190386295318604
p360_035.wav,4.087120056152344
p360_207.wav,4.018498420715332
p364_006.wav,3.6031017303466797
p362_050.wav,4.061887741088867
p374_267.wav,3.5649149417877197
p360_210.wav,3.8657355308532715
p374_343.wav,3.9326813220977783
p360_076.wav,3.8286359310150146
p364_096.wav,4.061305999755859
p362_369.wav,4.058269023895264
p361_220.wav,3.4027576446533203
p364_073.wav,4.16420316696167
p374_079.wav,3.826944351196289
p361_198.wav,4.132787704467773
p361_059.wav,4.0317277908325195
p362_302.wav,3.743795156478882
s5_237.wav,3.840136766433716
p361_242.wav,3.9519400596618652
p361_079.wav,4.277297496795654
s5_215.wav,4.1454691886901855
p364_150.wav,3.736855983734131
p374_333.wav,4.111321926116943
p361_207.wav,4.256725788116455
p361_162.wav,4.099112033843994
p360_046.wav,3.87448787689209
p361_272.wav,4.0624589920043945
p362_005.wav,3.594036340713501
p376_343.wav,3.763037919998169
p363_105.wav,3.9027891159057617
p376_247.wav,4.1520280838012695
p363_160.wav,3.823525905609131
p376_403.wav,3.7993597984313965
p374_011.wav,3.712148904800415
p360_116.wav,3.9132697582244873
p374_140.wav,3.7770111560821533
s5_264.wav,4.020994663238525
p363_090.wav,3.573046922683716
p374_014.wav,3.4698338508605957
p363_254.wav,3.6702046394348145
p363_047.wav,3.923293352127075
p360_173.wav,3.619241714477539
p360_031.wav,4.114339828491211
p360_165.wav,3.9878313541412354
p363_120.wav,3.5937507152557373
p364_099.wav,3.9733870029449463
p363_068.wav,3.984015464782715
p374_269.wav,3.919743776321411
p361_363.wav,3.814908027648926
p360_062.wav,3.968649387359619
p374_265.wav,3.5655202865600586
p374_342.wav,3.908690929412842
p376_192.wav,3.8611857891082764
s5_376.wav,3.8813557624816895
p374_396.wav,3.582826614379883
p363_202.wav,4.043015480041504
p364_109.wav,3.8402860164642334
p363_071.wav,4.01046085357666
p360_114.wav,4.05024528503418
s5_366.wav,4.209918022155762
p363_184.wav,3.7102036476135254
p374_044.wav,3.4933886528015137
p363_150.wav,3.7307167053222656
p360_303.wav,3.8329226970672607
p363_116.wav,3.8188974857330322
s5_122.wav,3.5433945655822754
p364_196.wav,3.6957285404205322
p360_291.wav,3.7342562675476074
p376_130.wav,3.575138568878174
p374_352.wav,3.6986958980560303
p364_054.wav,3.691021680831909
s5_288.wav,4.030340194702148
s5_205.wav,3.8710246086120605
p376_188.wav,3.9587860107421875
s5_273.wav,4.204866409301758
p364_136.wav,3.3859338760375977
p363_423.wav,4.070460319519043
p364_220.wav,3.704235076904297
p376_254.wav,3.951314926147461
s5_011.wav,3.9005489349365234
p376_337.wav,3.9263558387756348
p363_292.wav,3.58095121383667
s5_368.wav,3.7495856285095215
p364_157.wav,3.649341583251953
p376_035.wav,4.274101257324219
p360_008.wav,3.951162338256836
p364_120.wav,3.8578672409057617
p361_261.wav,4.258975982666016
p374_100.wav,4.266429901123047
p376_288.wav,4.148379325866699
p361_382.wav,3.2860734462738037
s5_177.wav,3.857598304748535
p363_056.wav,4.151329517364502
p374_152.wav,3.5530781745910645
s5_160.wav,4.208456039428711
p362_029.wav,3.893244981765747
p376_275.wav,3.7247090339660645
p360_198.wav,4.165307998657227
p360_326.wav,4.044576168060303
p361_101.wav,4.351511478424072
s5_027.wav,4.079444408416748
p363_125.wav,3.7131128311157227
p364_235.wav,3.9097023010253906
s5_046.wav,4.065828323364258
p363_101.wav,2.712162733078003
p374_211.wav,3.7594943046569824
p364_113.wav,3.7844133377075195
p364_255.wav,3.5400404930114746
p376_179.wav,3.952991008758545
p374_030.wav,3.715489387512207
p361_353.wav,4.109550476074219
p374_234.wav,3.6442480087280273
p376_151.wav,3.669174909591675
p374_110.wav,3.6447925567626953
p374_203.wav,3.662080764770508
p374_414.wav,3.724310874938965
p374_262.wav,3.4290270805358887
p361_218.wav,3.943777561187744
p364_279.wav,3.843280792236328
p363_083.wav,3.809957265853882
p374_418.wav,3.4734041690826416
p363_389.wav,3.8534131050109863
p360_404.wav,3.7353405952453613
p376_050.wav,4.113509654998779
p376_150.wav,4.186394691467285
p363_247.wav,4.183225631713867
p376_414.wav,3.6131668090820312
p360_146.wav,4.006591320037842
p363_161.wav,3.285454273223877
s5_203.wav,4.048516750335693
p376_152.wav,4.121262550354004
p360_388.wav,4.04490852355957
s5_153.wav,3.9794111251831055
p374_032.wav,3.762575387954712
p360_184.wav,3.992540121078491
p364_163.wav,3.4502124786376953
p361_119.wav,4.340606689453125
s5_107.wav,4.083391189575195
p376_417.wav,3.8728537559509277
p363_030.wav,3.925823926925659
p360_178.wav,3.939417600631714
p376_198.wav,3.885781764984131
s5_063.wav,3.3998889923095703
p363_010.wav,3.961610794067383
p364_011.wav,3.742098093032837
p374_334.wav,3.6370017528533936
p376_370.wav,4.193058490753174
p376_234.wav,4.258277416229248
p374_174.wav,3.529958724975586
p376_055.wav,4.0346221923828125
p363_177.wav,3.6450605392456055
s5_138.wav,4.170171737670898
p361_023.wav,3.9436755180358887
p374_244.wav,3.528818130493164
p361_334.wav,4.204057216644287
p376_302.wav,3.7398009300231934
p376_265.wav,3.9077506065368652
s5_267.wav,3.931455135345459
p363_029.wav,3.9954566955566406
p376_166.wav,4.138580799102783
p363_104.wav,3.530039072036743
p363_235.wav,4.02278995513916
p362_291.wav,4.083741664886475
p360_277.wav,4.218044281005859
p361_254.wav,4.036635875701904
p364_206.wav,3.923898696899414
s5_083.wav,4.057463645935059
s5_051.wav,4.1025896072387695
p363_369.wav,3.830836296081543
s5_053.wav,3.8839685916900635
s5_303.wav,3.8546557426452637
p374_205.wav,3.4422974586486816
s5_041.wav,3.6055757999420166
p361_163.wav,3.68924617767334
p374_409.wav,3.572200059890747
p361_014.wav,4.238194465637207
p376_089.wav,3.748378276824951
s5_251.wav,3.4441072940826416
p361_271.wav,4.1776018142700195
p376_178.wav,3.7273378372192383
p361_306.wav,4.16620397567749
p364_122.wav,4.1272172927856445
p364_204.wav,3.9766476154327393
p374_300.wav,3.961561918258667
p374_057.wav,2.9685285091400146
s5_161.wav,4.013445854187012
p361_357.wav,4.311235427856445
p360_078.wav,3.8746700286865234
s5_394.wav,3.9459452629089355
p361_129.wav,4.319143295288086
p361_275.wav,3.9340014457702637
p363_221.wav,3.3049027919769287
p374_060.wav,3.8810625076293945
p374_095.wav,3.2429940700531006
s5_076.wav,3.9770028591156006
p361_318.wav,3.754251480102539
p360_133.wav,3.9731593132019043
p374_083.wav,3.8699395656585693
p360_084.wav,3.558290958404541
p376_052.wav,4.066908836364746
p376_416.wav,3.3737385272979736
p376_422.wav,3.951054096221924
p363_015.wav,4.123584747314453
p376_105.wav,3.623879909515381
s5_341.wav,3.7042250633239746
p374_421.wav,3.4072799682617188
s5_148.wav,3.804208755493164
p376_227.wav,4.032306671142578
p360_029.wav,4.116620063781738
p376_097.wav,3.6666741371154785
s5_367.wav,3.7274718284606934
p363_019.wav,3.794405460357666
p374_099.wav,3.589728832244873
p363_171.wav,3.600105047225952
p363_262.wav,3.4243853092193604
p374_115.wav,3.6357533931732178
p374_402.wav,3.4665422439575195
s5_281.wav,3.8567662239074707
p361_385.wav,4.257774829864502
s5_048.wav,4.2589802742004395
p363_048.wav,3.901797294616699
p376_117.wav,4.125280380249023
p360_117.wav,3.762202739715576
p361_086.wav,4.2549147605896
p363_118.wav,3.751995086669922
p360_218.wav,4.040256500244141
p361_309.wav,3.5861449241638184
p364_237.wav,3.6689789295196533
s5_165.wav,3.9703245162963867
p374_357.wav,3.2645509243011475
p361_106.wav,3.96128249168396
p361_260.wav,4.011929512023926
p361_190.wav,3.691422939300537
p374_180.wav,3.725653886795044
p363_136.wav,3.5813753604888916
p361_294.wav,4.215738296508789
p376_327.wav,3.9841346740722656
p364_025.wav,3.3211729526519775
p360_347.wav,3.816347122192383
p361_172.wav,4.29803466796875
p364_127.wav,3.9619083404541016
p361_227.wav,4.206604957580566
p376_294.wav,3.736131191253662
p376_351.wav,3.8115763664245605
p360_091.wav,4.0221991539001465
p376_168.wav,4.180029392242432
s5_382.wav,4.117469310760498
p361_423.wav,3.6280035972595215
s5_334.wav,3.870544195175171
p364_071.wav,3.834812641143799
p376_411.wav,3.3866100311279297
p360_412.wav,3.855214834213257
s5_060.wav,3.974788188934326
p376_161.wav,4.036501884460449
p376_249.wav,3.626674175262451
p374_383.wav,2.9576292037963867
s5_245.wav,3.820307493209839
p363_296.wav,3.7111144065856934
p360_368.wav,3.9486663341522217
p360_004.wav,4.1357879638671875
p361_015.wav,4.215897560119629
p360_215.wav,4.055253505706787
p364_224.wav,3.5549418926239014
p376_125.wav,3.8716278076171875
p374_196.wav,3.64155912399292
p360_332.wav,3.69765043258667
p360_139.wav,4.078103065490723
p376_012.wav,3.6052842140197754
p374_379.wav,3.7501840591430664
p364_222.wav,3.6371097564697266
p363_112.wav,3.594421863555908
p361_157.wav,3.8030762672424316
p374_173.wav,3.8012144565582275
p376_238.wav,3.9490151405334473
p364_275.wav,3.744009017944336
p374_327.wav,3.927237033843994
s5_182.wav,3.7983174324035645
p376_140.wav,3.9380455017089844
p376_028.wav,4.216955184936523
p363_244.wav,3.368309259414673
p360_047.wav,4.285694122314453
p362_406.wav,3.7850735187530518
p376_381.wav,3.7261810302734375
p364_300.wav,3.9529407024383545
p360_239.wav,4.0933685302734375
p364_027.wav,3.7895565032958984
p363_294.wav,3.9898741245269775
p374_257.wav,3.949096202850342
p363_181.wav,3.628444194793701
p374_281.wav,3.9251575469970703
p374_187.wav,3.918119430541992
p361_290.wav,4.333806037902832
p360_174.wav,3.701802968978882
s5_099.wav,4.108059406280518
p376_019.wav,3.7045934200286865
s5_134.wav,3.881033182144165
p376_287.wav,3.752498149871826
p364_236.wav,3.4468436241149902
p363_260.wav,4.1930952072143555
p376_187.wav,4.147987365722656
p364_238.wav,3.4613451957702637
p363_289.wav,3.196399211883545
p360_109.wav,3.895453453063965
p363_227.wav,3.6055798530578613
p376_203.wav,3.9338717460632324
p374_055.wav,3.6363654136657715
p360_185.wav,4.080504417419434
p363_345.wav,4.106317043304443
p361_262.wav,3.952687978744507
s5_218.wav,4.19627046585083
p362_168.wav,3.2488198280334473
p363_024.wav,3.7923381328582764
s5_181.wav,4.027665138244629
p376_111.wav,3.9797327518463135
p374_104.wav,3.4347877502441406
p374_387.wav,3.6252758502960205
p360_124.wav,4.045591354370117
p362_329.wav,3.8892300128936768
p376_107.wav,4.03671932220459
p360_208.wav,3.953564405441284
p376_108.wav,3.9924826622009277
p363_417.wav,3.91768741607666
p361_171.wav,4.136491775512695
p361_367.wav,4.122471809387207
p374_283.wav,3.665241003036499
p376_389.wav,4.003966331481934
p362_017.wav,4.016295433044434
p360_176.wav,3.9284284114837646
p363_022.wav,3.9127535820007324
p362_129.wav,4.075784206390381
p374_258.wav,3.0451419353485107
p360_340.wav,4.034811973571777
p364_009.wav,3.4262967109680176
p363_064.wav,3.8603525161743164
p376_222.wav,3.891223669052124
p363_140.wav,3.711146354675293
p376_127.wav,3.852825880050659
p364_043.wav,3.470162868499756
p374_324.wav,3.9326508045196533
s5_045.wav,3.9036941528320312
p363_045.wav,3.4793527126312256
p376_020.wav,4.086465358734131
p364_190.wav,3.992678165435791
p364_031.wav,3.600140333175659
p361_177.wav,4.300136566162109
p374_023.wav,3.684183120727539
p360_051.wav,3.742042064666748
